NC_000962.3	1977	.	A	G	225.421	.
NC_000962.3	2357	.	C	A	3.11078	.
NC_000962.3	4013	.	T	C	225.417	.
NC_000962.3	7362	.	G	C	225.417	.
NC_000962.3	7585	.	G	C	225.417	.
NC_000962.3	8051	.	C	A	6.01334	.
NC_000962.3	8114	.	C	A	18.1176	.
NC_000962.3	9304	.	G	A	225.417	.
NC_000962.3	10735	.	G	T	4.46896	.
NC_000962.3	11484	.	C	A	16.1652	.
NC_000962.3	11746	.	T	G	225.417	.
NC_000962.3	11879	.	A	G	225.417	.
NC_000962.3	14785	.	T	C	225.417	.
NC_000962.3	18091	.	G	A	225.421	.
NC_000962.3	21795	.	G	A	86.415	.
NC_000962.3	21888	.	G	T	15.6712	.
NC_000962.3	23854	.	A	G	225.417	.
NC_000962.3	24973	.	C	A	3.99845	.
NC_000962.3	26959	.	C	G	225.417	.
NC_000962.3	27518	.	TAAAAA	TAAAA	225.417	.
NC_000962.3	27918	.	G	A	225.417	.
NC_000962.3	29960	.	C	A	6.60485	.
NC_000962.3	30760	.	G	T	13.0708	.
NC_000962.3	32387	.	C	T	225.417	.
NC_000962.3	33817	.	C	G	225.417	.
NC_000962.3	34044	.	T	C	225.417	.
NC_000962.3	37031	.	C	G	225.417	.
NC_000962.3	42967	.	G	C	225.417	.
NC_000962.3	47136	.	ACC	AC	225.417	.
NC_000962.3	47138	.	CTTT	CTT	228.316	.
NC_000962.3	47139	.	T	A	8.99921	.
NC_000962.3	48308	.	C	A	25.8487	.
NC_000962.3	49079	.	C	G	225.417	.
NC_000962.3	49233	.	AGGG	AGG	228.41	.
NC_000962.3	54304	.	C	T	228.322	.
NC_000962.3	55553	.	CCG	CCGTCG	182.416	.
NC_000962.3	55662	.	C	T	5.04598	.
NC_000962.3	56199	.	G	A	197.416	.
NC_000962.3	56557	.	G	T	3.86425	.
NC_000962.3	62049	.	A	G	225.417	.
NC_000962.3	67385	.	G	A	225.417	.
NC_000962.3	69342	.	G	A	225.417	.
NC_000962.3	69989	.	G	A	225.417	.
NC_000962.3	70816	.	A	G	225.421	.
NC_000962.3	71336	.	G	C	225.417	.
NC_000962.3	71584	.	CCG	CCGAGCGCTGTTCTGGCGCTAATCTGACGCTAGAATAGCG	111.285	.
NC_000962.3	75940	.	G	C	225.417	.
NC_000962.3	80616	.	C	G	225.417	.
NC_000962.3	86665	.	C	A	8.99921	.
NC_000962.3	86684	.	C	A	8.99921	.
NC_000962.3	89280	.	G	T	4.72771	.
NC_000962.3	89767	.	G	T	225.421	.
NC_000962.3	92199	.	T	G	225.417	.
NC_000962.3	93044	.	G	A	225.417	.
NC_000962.3	100895	.	G	T	225.417	.
NC_000962.3	103962	.	C	T	102.007	.
NC_000962.3	104712	.	C	T	225.417	.
NC_000962.3	113092	.	G	T	14.5519	.
NC_000962.3	116000	.	T	G	225.417	.
NC_000962.3	116792	.	C	A	3.99083	.
NC_000962.3	118469	.	G	A	225.417	.
NC_000962.3	122109	.	A	G	228.361	.
NC_000962.3	122794	.	T	G	225.417	.
NC_000962.3	123475	.	T	G	225.417	.
NC_000962.3	125808	.	C	T	225.417	.
NC_000962.3	125830	.	GAAAA	GAAAAA	225.417	.
NC_000962.3	126249	.	C	A	221.417	.
NC_000962.3	127994	.	G	T	10.2582	.
NC_000962.3	131174	.	TGG	TGGG	225.417	.
NC_000962.3	131963	.	T	C	8.99921	.
NC_000962.3	131967	.	C	T	8.99921	.
NC_000962.3	132417	.	C	G	65.4148	.
NC_000962.3	133839	.	C	T	225.417	.
NC_000962.3	134832	.	C	A	5.1013	.
NC_000962.3	135569	.	C	G	225.417	.
NC_000962.3	140215	.	C	T	225.417	.
NC_000962.3	142317	.	C	T	225.417	.
NC_000962.3	146087	.	T	C	225.417	.
NC_000962.3	149931	.	G	A	8.99921	.
NC_000962.3	151535	.	C	T	225.417	.
NC_000962.3	152336	.	G	T	14.651	.
NC_000962.3	152936	.	C	A	19.0492	.
NC_000962.3	153262	.	C	G	225.417	.
NC_000962.3	154283	.	T	C	225.417	.
NC_000962.3	163162	.	C	A	34.9567	.
NC_000962.3	164601	.	G	T	3.66873	.
NC_000962.3	166348	.	A	C	225.417	.
NC_000962.3	166349	.	A	T	225.417	.
NC_000962.3	170430	.	C	A	46.0685	.
NC_000962.3	175982	.	G	T	4.12129	.
NC_000962.3	176546	.	C	A	3.79771	.
NC_000962.3	176598	.	C	A	19.0524	.
NC_000962.3	177857	.	G	A	225.417	.
NC_000962.3	184168	.	C	T	225.421	.
NC_000962.3	185511	.	G	T	5.99657	.
NC_000962.3	186243	.	A	G	225.417	.
NC_000962.3	188612	.	G	T	5.6979	.
NC_000962.3	188800	.	T	C	225.417	.
NC_000962.3	191738	.	C	T	225.417	.
NC_000962.3	194681	.	G	C	225.417	.
NC_000962.3	196642	.	C	T	225.417	.
NC_000962.3	198911	.	G	A	3.86821	.
NC_000962.3	199188	.	G	T	4.69707	.
NC_000962.3	206339	.	T	C	225.417	.
NC_000962.3	206453	.	G	C	225.417	.
NC_000962.3	209256	.	G	T	5.74276	.
NC_000962.3	211727	.	G	C	225.417	.
NC_000962.3	223942	.	T	C	225.417	.
NC_000962.3	225323	.	T	C	156.416	.
NC_000962.3	227098	.	T	C	225.417	.
NC_000962.3	230841	.	C	A	31.1086	.
NC_000962.3	231114	.	C	G	225.417	.
NC_000962.3	231835	.	C	A	13.8169	.
NC_000962.3	233500	.	C	A	9.12029	.
NC_000962.3	234477	.	T	G	228.193	.
NC_000962.3	234496	.	C	CGT	228.331	.
NC_000962.3	234563	.	C	A	21.9131	.
NC_000962.3	235436	.	C	A	48.6107	.
NC_000962.3	241167	.	G	T	23.5849	.
NC_000962.3	245998	.	C	A	5.07303	.
NC_000962.3	246628	.	C	T	6.02628	.
NC_000962.3	252105	.	G	A	225.417	.
NC_000962.3	256986	.	G	T	3.18084	.
NC_000962.3	257368	.	G	T	8.12713	.
NC_000962.3	261869	.	T	C	225.417	.
NC_000962.3	265554	.	A	C	225.417	.
NC_000962.3	274719	.	T	C	225.417	.
NC_000962.3	275691	.	G	A	225.417	.
NC_000962.3	278681	.	C	G	225.417	.
NC_000962.3	283093	.	C	A	8.73645	.
NC_000962.3	285772	.	A	C	225.417	.
NC_000962.3	285871	.	A	G	225.421	.
NC_000962.3	289000	.	C	T	225.417	.
NC_000962.3	290153	.	G	T	225.417	.
NC_000962.3	308438	.	G	T	3.08446	.
NC_000962.3	310973	.	G	A	225.417	.
NC_000962.3	311470	.	G	T	14.0314	.
NC_000962.3	311613	.	G	T	225.417	.
NC_000962.3	312944	.	C	T	225.417	.
NC_000962.3	316886	.	C	T	225.417	.
NC_000962.3	316951	.	C	A	13.5856	.
NC_000962.3	317720	.	C	A	13.5063	.
NC_000962.3	318541	.	C	A	18.6074	.
NC_000962.3	323160	.	G	T	3.70468	.
NC_000962.3	324827	.	C	A	3.47606	.
NC_000962.3	325038	.	G	A	225.417	.
NC_000962.3	325039	.	G	A	225.417	.
NC_000962.3	330257	.	G	T	225.417	.
NC_000962.3	330711	.	GCACCATGAACCATCTGGCGT	G	228.264	.
NC_000962.3	331033	.	C	A	41.1599	.
NC_000962.3	333892	.	G	C	225.417	.
NC_000962.3	334641	.	G	C	105.8	.
NC_000962.3	334751	.	G	A	6.54671	.
NC_000962.3	335810	.	CCCGCCGGCGCCGCCGTTGCCGCCGGCGCCGCCGTTGCCGCCGGCGCCGCCGTTG	CCCGCCGGCGCCGCCGTTGCCGCCGGCGCCGCCGTTG	202.836	.
NC_000962.3	335885	.	T	G	28.0971	.
NC_000962.3	335906	.	T	C	121.509	.
NC_000962.3	335919	.	T	G	126.642	.
NC_000962.3	335920	.	C	G	127.701	.
NC_000962.3	335922	.	C	G	128.721	.
NC_000962.3	335927	.	A	G	132.836	.
NC_000962.3	335929	.	T	C	118.622	.
NC_000962.3	335971	.	A	G	205.936	.
NC_000962.3	336005	.	G	A	214.801	.
NC_000962.3	336047	.	C	G	96.2161	.
NC_000962.3	336050	.	A	G	76.98	.
NC_000962.3	336053	.	G	C	73.8273	.
NC_000962.3	336074	.	T	C	29.9914	.
NC_000962.3	336081	.	A	G	24.8948	.
NC_000962.3	336082	.	C	T	19.856	.
NC_000962.3	336380	.	A	T	187.086	.
NC_000962.3	336400	.	C	G	207.368	.
NC_000962.3	336403	.	C	G	206.306	.
NC_000962.3	336405	.	A	G	209.353	.
NC_000962.3	336504	.	G	T	215.881	.
NC_000962.3	336535	.	T	G	127.892	.
NC_000962.3	336537	.	T	G	139.042	.
NC_000962.3	336540	.	G	T	129.819	.
NC_000962.3	336546	.	T	G	131.989	.
NC_000962.3	336560	.	T	C	42.8182	.
NC_000962.3	336590	.	G	C	222.256	.
NC_000962.3	336592	.	T	G	222.269	.
NC_000962.3	336611	.	G	C	222.342	.
NC_000962.3	336617	.	G	C	222.298	.
NC_000962.3	336620	.	T	C	222.35	.
NC_000962.3	336698	.	C	G	143.416	.
NC_000962.3	336701	.	A	G	151.416	.
NC_000962.3	336707	.	G	A	142.416	.
NC_000962.3	336708	.	T	C	141.416	.
NC_000962.3	336710	.	A	G	144.416	.
NC_000962.3	336728	.	G	A	37.5038	.
NC_000962.3	336870	.	C	T	225.417	.
NC_000962.3	337163	.	C	G	53.0773	.
NC_000962.3	337820	.	G	A	225.421	.
NC_000962.3	337959	.	A	C	225.417	.
NC_000962.3	338020	.	A	C	225.417	.
NC_000962.3	338100	.	T	C	225.417	.
NC_000962.3	338453	.	A	G	225.421	.
NC_000962.3	338648	.	T	G	19.7495	.
NC_000962.3	338669	.	T	C	26.8099	.
NC_000962.3	338682	.	T	G	17.7133	.
NC_000962.3	338683	.	C	G	9.68845	.
NC_000962.3	338685	.	C	G	17.6227	.
NC_000962.3	338690	.	A	G	19.6975	.
NC_000962.3	338692	.	T	C	17.6155	.
NC_000962.3	338719	.	T	C	22.7666	.
NC_000962.3	338844	.	A	G	87.8718	.
NC_000962.3	338845	.	C	T	89.857	.
NC_000962.3	338876	.	G	A	187.995	.
NC_000962.3	338903	.	G	C	173.077	.
NC_000962.3	338960	.	T	C	145.655	.
NC_000962.3	338963	.	T	C	138.524	.
NC_000962.3	340132	.	G	A	225.417	.
NC_000962.3	346275	.	C	G	225.417	.
NC_000962.3	347772	.	C	T	225.417	.
NC_000962.3	355352	.	G	T	5.05735	.
NC_000962.3	356528	.	A	G	225.417	.
NC_000962.3	358914	.	C	A	34.095	.
NC_000962.3	361883	.	T	G	5.04598	.
NC_000962.3	361895	.	T	A	77.4149	.
NC_000962.3	361896	.	T	A	77.4149	.
NC_000962.3	361900	.	C	T	97.4152	.
NC_000962.3	361914	.	C	A	112.415	.
NC_000962.3	362963	.	G	T	53.2171	.
NC_000962.3	365891	.	G	T	5.03212	.
NC_000962.3	369171	.	G	T	41.3602	.
NC_000962.3	370618	.	C	T	8.49803	.
NC_000962.3	373282	.	TAA	TA	225.417	.
NC_000962.3	376708	.	G	T	10.6061	.
NC_000962.3	379724	.	C	T	225.417	.
NC_000962.3	384380	.	A	C	225.417	.
NC_000962.3	386032	.	G	T	40.9204	.
NC_000962.3	386432	.	C	G	225.417	.
NC_000962.3	390828	.	T	C	225.417	.
NC_000962.3	391972	.	C	A	3.67697	.
NC_000962.3	394569	.	G	T	4.74842	.
NC_000962.3	394978	.	G	T	10.7472	.
NC_000962.3	396891	.	G	A	24.235	.
NC_000962.3	397790	.	G	T	19.0486	.
NC_000962.3	398622	.	C	A	5.84999	.
NC_000962.3	400251	.	G	T	4.02234	.
NC_000962.3	400364	.	G	T	4.83035	.
NC_000962.3	403980	.	G	A	225.417	.
NC_000962.3	404326	.	T	C	225.417	.
NC_000962.3	409296	.	C	T	225.417	.
NC_000962.3	414244	.	C	A	16.4279	.
NC_000962.3	414486	.	C	T	225.417	.
NC_000962.3	416060	.	G	T	4.13951	.
NC_000962.3	416626	.	C	A	9.63835	.
NC_000962.3	419387	.	A	G	225.417	.
NC_000962.3	420008	.	A	G	225.417	.
NC_000962.3	421235	.	C	A	25.4147	.
NC_000962.3	424320	.	TCC	TCCC	225.417	.
NC_000962.3	427310	.	TTGCCGAGGTTTGCACTGCCGAGGTTTGCACTGCCGAGGTTTGCACTGCCGAGGTTTGCACTGCC	TTGCCGAGGTTTGCACTGCCGAGGTTTGCACTGCCGAGGTTTGCACTGCC	182.416	.
NC_000962.3	429981	.	T	C	225.417	.
NC_000962.3	432339	.	C	A	23.3433	.
NC_000962.3	432872	.	C	A	225.417	.
NC_000962.3	442888	.	G	T	5.77007	.
NC_000962.3	442890	.	G	T	8.39939	.
NC_000962.3	442896	.	G	T	17.2429	.
NC_000962.3	444237	.	C	T	225.417	.
NC_000962.3	447609	.	G	T	8.55626	.
NC_000962.3	448354	.	G	T	42.9297	.
NC_000962.3	448765	.	G	T	22.4723	.
NC_000962.3	454295	.	T	C	225.417	.
NC_000962.3	457452	.	T	G	228.243	.
NC_000962.3	459399	.	A	C	225.417	.
NC_000962.3	467497	.	CGGG	CGGGG	190.217	.
NC_000962.3	467508	.	CG	CGG	175.416	.
NC_000962.3	467516	.	G	C	228.394	.
NC_000962.3	467526	.	C	G	225.417	.
NC_000962.3	467546	.	G	C	225.417	.
NC_000962.3	467557	.	A	C	225.417	.
NC_000962.3	467564	.	A	C	225.417	.
NC_000962.3	467585	.	G	C	225.417	.
NC_000962.3	467590	.	T	C	225.417	.
NC_000962.3	467621	.	T	G	225.417	.
NC_000962.3	467638	.	G	T	225.417	.
NC_000962.3	473822	.	A	G	225.417	.
NC_000962.3	473833	.	C	T	225.417	.
NC_000962.3	473968	.	C	A	228.305	.
NC_000962.3	473969	.	A	G	225.417	.
NC_000962.3	473971	.	C	G	225.417	.
NC_000962.3	475178	.	T	C	225.417	.
NC_000962.3	477857	.	G	T	6.08691	.
NC_000962.3	487475	.	C	A	225.417	.
NC_000962.3	488334	.	G	T	33.4165	.
NC_000962.3	488547	.	C	A	3.92294	.
NC_000962.3	489935	.	G	C	225.417	.
NC_000962.3	496286	.	G	T	22.7163	.
NC_000962.3	497155	.	C	A	8.54177	.
NC_000962.3	500714	.	A	G	225.421	.
NC_000962.3	502589	.	C	G	225.417	.
NC_000962.3	503354	.	G	C	225.417	.
NC_000962.3	503589	.	T	C	225.417	.
NC_000962.3	504120	.	C	A	6.88018	.
NC_000962.3	504161	.	C	A	4.59753	.
NC_000962.3	510275	.	GCCCC	GCCC	228.299	.
NC_000962.3	513257	.	T	C	225.417	.
NC_000962.3	517796	.	G	T	8.53457	.
NC_000962.3	519203	.	C	A	21.3734	.
NC_000962.3	530461	.	C	A	10.2582	.
NC_000962.3	533978	.	G	T	228.369	.
NC_000962.3	540349	.	C	T	225.417	.
NC_000962.3	541135	.	C	G	225.417	.
NC_000962.3	541201	.	A	G	225.417	.
NC_000962.3	546029	.	C	A	5.26935	.
NC_000962.3	547585	.	G	A	225.417	.
NC_000962.3	550559	.	C	T	228.368	.
NC_000962.3	551525	.	A	C	225.417	.
NC_000962.3	559904	.	C	T	225.417	.
NC_000962.3	561021	.	G	A	225.417	.
NC_000962.3	565339	.	G	T	13.1187	.
NC_000962.3	565673	.	C	A	50.038	.
NC_000962.3	573262	.	A	G	177.416	.
NC_000962.3	573771	.	C	A	19.5542	.
NC_000962.3	573831	.	C	A	17.4098	.
NC_000962.3	573898	.	G	T	3.15706	.
NC_000962.3	574029	.	G	T	11.8707	.
NC_000962.3	574244	.	G	T	20.0336	.
NC_000962.3	576278	.	G	T	5.51863	.
NC_000962.3	577848	.	G	T	8.40363	.
NC_000962.3	579026	.	G	T	10.7795	.
NC_000962.3	580414	.	C	A	19.3701	.
NC_000962.3	580772	.	T	A	31.4175	.
NC_000962.3	580773	.	GGGGGCACCACCCGCTTGCGGGGGAG	GG	225.417	.
NC_000962.3	581391	.	G	T	8.99622	.
NC_000962.3	585289	.	C	A	7.35	.
NC_000962.3	589690	.	C	T	225.417	.
NC_000962.3	590436	.	T	C	225.417	.
NC_000962.3	591220	.	C	A	3.80924	.
NC_000962.3	592161	.	T	C	225.417	.
NC_000962.3	596511	.	G	T	13.3597	.
NC_000962.3	597816	.	A	G	225.417	.
NC_000962.3	598475	.	G	A	225.417	.
NC_000962.3	599200	.	GTTTTT	GTTTT	219.16	.
NC_000962.3	601925	.	C	A	21.8972	.
NC_000962.3	602618	.	C	A	7.42037	.
NC_000962.3	605642	.	C	A	25.465	.
NC_000962.3	610120	.	T	G	225.417	.
NC_000962.3	615720	.	G	T	38.9485	.
NC_000962.3	623472	.	A	G	8.99921	.
NC_000962.3	623508	.	C	G	30.4183	.
NC_000962.3	623557	.	T	C	30.4183	.
NC_000962.3	623558	.	A	G	30.4183	.
NC_000962.3	628902	.	G	A	225.417	.
NC_000962.3	630722	.	G	C	225.417	.
NC_000962.3	637319	.	G	A	225.417	.
NC_000962.3	637783	.	G	T	32.1992	.
NC_000962.3	640408	.	T	G	225.421	.
NC_000962.3	646081	.	G	T	8.22196	.
NC_000962.3	646286	.	C	T	30.6599	.
NC_000962.3	648002	.	T	G	225.417	.
NC_000962.3	649067	.	C	G	225.417	.
NC_000962.3	657643	.	C	T	225.417	.
NC_000962.3	659005	.	G	T	4.98884	.
NC_000962.3	660470	.	G	A	225.417	.
NC_000962.3	663410	.	A	C	84.0979	.
NC_000962.3	663418	.	A	C	87.0747	.
NC_000962.3	663419	.	G	A	83.0952	.
NC_000962.3	663420	.	C	A	91.1371	.
NC_000962.3	663429	.	T	G	85.8983	.
NC_000962.3	665293	.	A	G	225.417	.
NC_000962.3	669398	.	T	C	225.417	.
NC_000962.3	672036	.	C	A	18.4065	.
NC_000962.3	672491	.	C	G	225.417	.
NC_000962.3	672504	.	C	A	4.86534	.
NC_000962.3	673144	.	C	A	5.89162	.
NC_000962.3	673238	.	A	G	225.417	.
NC_000962.3	676973	.	G	T	36.0948	.
NC_000962.3	680056	.	G	T	32.559	.
NC_000962.3	681775	.	G	A	225.417	.
NC_000962.3	683481	.	C	A	5.92504	.
NC_000962.3	683548	.	C	A	3.01873	.
NC_000962.3	685461	.	C	G	225.417	.
NC_000962.3	685608	.	T	C	225.421	.
NC_000962.3	686247	.	G	A	228.308	.
NC_000962.3	686972	.	T	C	225.417	.
NC_000962.3	690465	.	T	G	225.417	.
NC_000962.3	692804	.	G	T	46.794	.
NC_000962.3	696916	.	C	A	225.417	.
NC_000962.3	698968	.	G	A	225.417	.
NC_000962.3	712820	.	T	C	225.417	.
NC_000962.3	714805	.	C	A	12.9121	.
NC_000962.3	717554	.	C	A	5.73266	.
NC_000962.3	717705	.	C	A	5.78324	.
NC_000962.3	738261	.	G	A	225.417	.
NC_000962.3	740732	.	G	T	4.57249	.
NC_000962.3	742062	.	C	A	4.89821	.
NC_000962.3	744626	.	C	A	4.48519	.
NC_000962.3	754186	.	A	G	225.417	.
NC_000962.3	757020	.	CGG	CG	225.417	.
NC_000962.3	760414	.	G	A	18.7085	.
NC_000962.3	761140	.	A	T	225.417	.
NC_000962.3	772036	.	G	T	37.1915	.
NC_000962.3	775639	.	T	C	225.417	.
NC_000962.3	778289	.	C	A	4.46088	.
NC_000962.3	778298	.	C	T	225.417	.
NC_000962.3	778813	.	G	T	5.34867	.
NC_000962.3	779920	.	CCGGCGG	CCGG	225.417	.
NC_000962.3	781395	.	T	C	225.417	.
NC_000962.3	787422	.	C	T	225.417	.
NC_000962.3	788324	.	C	T	225.417	.
NC_000962.3	789784	.	C	A	3.75727	.
NC_000962.3	801631	.	C	A	14.6073	.
NC_000962.3	803205	.	G	T	16.8832	.
NC_000962.3	808038	.	C	A	4.44444	.
NC_000962.3	814633	.	C	A	12.3592	.
NC_000962.3	819665	.	G	T	6.19251	.
NC_000962.3	819785	.	C	A	18.7378	.
NC_000962.3	820500	.	G	T	7.56557	.
NC_000962.3	824628	.	C	A	29.1709	.
NC_000962.3	826565	.	C	A	18.238	.
NC_000962.3	826613	.	C	T	225.417	.
NC_000962.3	836658	.	A	G	8.99921	.
NC_000962.3	836690	.	G	T	8.99921	.
NC_000962.3	837033	.	A	G	225.417	.
NC_000962.3	839194	.	A	G	5.04598	.
NC_000962.3	839334	.	A	G	140.416	.
NC_000962.3	839348	.	A	G	160.416	.
NC_000962.3	839515	.	G	A	71.9676	.
NC_000962.3	839516	.	A	G	90.1569	.
NC_000962.3	839519	.	C	G	64.666	.
NC_000962.3	839520	.	T	C	80.0023	.
NC_000962.3	839534	.	A	C	82.1068	.
NC_000962.3	839726	.	G	T	6.0435	.
NC_000962.3	840229	.	G	C	63.8356	.
NC_000962.3	840235	.	C	G	76.9513	.
NC_000962.3	840241	.	C	T	36.9523	.
NC_000962.3	840272	.	G	T	40.0769	.
NC_000962.3	840278	.	A	G	56.96	.
NC_000962.3	840283	.	T	C	55.0603	.
NC_000962.3	840284	.	A	G	55.0603	.
NC_000962.3	840286	.	C	T	55.0603	.
NC_000962.3	840290	.	G	C	55.0603	.
NC_000962.3	840297	.	G	C	55.0603	.
NC_000962.3	840298	.	A	G	54.9561	.
NC_000962.3	840301	.	T	C	55.0603	.
NC_000962.3	840302	.	T	C	55.0603	.
NC_000962.3	840307	.	A	C	55.0603	.
NC_000962.3	840310	.	G	C	51.4042	.
NC_000962.3	840329	.	G	A	48.1049	.
NC_000962.3	840334	.	C	G	29.3312	.
NC_000962.3	840341	.	C	T	50.4042	.
NC_000962.3	840349	.	C	G	44.3989	.
NC_000962.3	840355	.	C	T	15.1116	.
NC_000962.3	840358	.	C	G	36.2197	.
NC_000962.3	840361	.	C	T	19.0509	.
NC_000962.3	840364	.	G	C	43.2372	.
NC_000962.3	840373	.	C	T	84.3354	.
NC_000962.3	840382	.	T	C	94.3502	.
NC_000962.3	840389	.	C	T	26.1871	.
NC_000962.3	840396	.	C	A	49.3778	.
NC_000962.3	840399	.	C	G	49.3841	.
NC_000962.3	840405	.	T	G	49.3778	.
NC_000962.3	840407	.	G	A	47.3693	.
NC_000962.3	840412	.	C	T	49.393	.
NC_000962.3	840415	.	C	G	49.3778	.
NC_000962.3	840416	.	A	G	49.3897	.
NC_000962.3	840424	.	C	A	63.4008	.
NC_000962.3	840430	.	A	C	63.3832	.
NC_000962.3	840447	.	C	A	63.4008	.
NC_000962.3	840496	.	C	G	53.3707	.
NC_000962.3	841764	.	G	C	225.421	.
NC_000962.3	847416	.	G	T	12.1057	.
NC_000962.3	849751	.	G	A	225.417	.
NC_000962.3	849895	.	A	G	225.417	.
NC_000962.3	850303	.	G	T	225.417	.
NC_000962.3	850636	.	C	T	225.417	.
NC_000962.3	852910	.	C	T	225.417	.
NC_000962.3	854101	.	G	T	225.417	.
NC_000962.3	854252	.	GCCCCCCCCC	GCCCCCCCC	179.182	.
NC_000962.3	857346	.	G	C	225.417	.
NC_000962.3	857696	.	A	G	225.417	.
NC_000962.3	863340	.	T	C	225.421	.
NC_000962.3	863364	.	G	T	19.01	.
NC_000962.3	866022	.	G	T	19.5771	.
NC_000962.3	866744	.	C	A	6.34814	.
NC_000962.3	868006	.	C	T	225.417	.
NC_000962.3	868106	.	GGCGCGCGC	GGCGCGCGCGCGC	204.417	.
NC_000962.3	868960	.	C	T	225.417	.
NC_000962.3	873233	.	G	T	3.07708	.
NC_000962.3	874835	.	CC	CCGC	225.417	.
NC_000962.3	880562	.	G	T	225.417	.
NC_000962.3	882257	.	T	C	225.417	.
NC_000962.3	883532	.	G	T	12.7295	.
NC_000962.3	883787	.	G	T	4.14872	.
NC_000962.3	886351	.	G	A	225.417	.
NC_000962.3	886644	.	C	A	11.6194	.
NC_000962.3	888734	.	C	A	12.051	.
NC_000962.3	890549	.	G	A	51.4146	.
NC_000962.3	891011	.	A	G	138.236	.
NC_000962.3	892404	.	G	T	30.696	.
NC_000962.3	893733	.	T	G	225.417	.
NC_000962.3	900037	.	G	T	5.66843	.
NC_000962.3	900221	.	T	C	225.417	.
NC_000962.3	900941	.	G	T	5.83943	.
NC_000962.3	902429	.	C	A	3.59157	.
NC_000962.3	903550	.	T	C	225.417	.
NC_000962.3	903760	.	G	A	225.417	.
NC_000962.3	903913	.	T	C	225.417	.
NC_000962.3	906857	.	A	G	225.417	.
NC_000962.3	912159	.	G	T	3.76262	.
NC_000962.3	912983	.	A	G	225.417	.
NC_000962.3	918469	.	G	T	3.12149	.
NC_000962.3	921813	.	C	G	225.417	.
NC_000962.3	924592	.	C	A	3.85803	.
NC_000962.3	926388	.	G	T	5.73873	.
NC_000962.3	926626	.	C	T	62.4147	.
NC_000962.3	927110	.	A	G	39.4149	.
NC_000962.3	927385	.	A	G	99.4152	.
NC_000962.3	931024	.	GTTT	GTTTT	228.35	.
NC_000962.3	936911	.	C	A	5.04321	.
NC_000962.3	937487	.	G	T	25.6908	.
NC_000962.3	939825	.	C	A	9.46077	.
NC_000962.3	945214	.	G	A	225.417	.
NC_000962.3	945552	.	T	G	225.417	.
NC_000962.3	946061	.	AGCGCGCGC	AGCGCGC	225.417	.
NC_000962.3	946740	.	C	A	5.18178	.
NC_000962.3	949535	.	T	C	225.417	.
NC_000962.3	950265	.	G	A	14.3707	.
NC_000962.3	952328	.	G	T	19.0869	.
NC_000962.3	955524	.	A	G	225.421	.
NC_000962.3	956414	.	C	A	9.89436	.
NC_000962.3	959554	.	C	A	3.01087	.
NC_000962.3	960833	.	C	A	24.8176	.
NC_000962.3	960851	.	C	A	33.0496	.
NC_000962.3	962823	.	C	A	5.91059	.
NC_000962.3	965373	.	T	C	225.417	.
NC_000962.3	966988	.	C	A	17.4208	.
NC_000962.3	967029	.	C	A	17.4815	.
NC_000962.3	968185	.	G	T	24.7028	.
NC_000962.3	968426	.	AGCCGGGTTGGCCGG	AGCCGGGTTGGCCGGGTTGGCCGG	224.1	.
NC_000962.3	969722	.	C	A	8.99921	.
NC_000962.3	973689	.	C	G	225.417	.
NC_000962.3	976897	.	TGGGGGGGGG	TGGGGGGGG	145.198	.
NC_000962.3	979704	.	G	C	225.417	.
NC_000962.3	984585	.	C	A	3.44073	.
NC_000962.3	986463	.	G	C	225.417	.
NC_000962.3	990001	.	G	C	225.417	.
NC_000962.3	992143	.	G	T	8.51547	.
NC_000962.3	993346	.	A	C	225.417	.
NC_000962.3	996698	.	GA	G	225.417	.
NC_000962.3	998537	.	G	T	16.9743	.
NC_000962.3	1010204	.	CGG	CGGG	228.345	.
NC_000962.3	1010532	.	G	A	225.417	.
NC_000962.3	1010575	.	C	A	40.3253	.
NC_000962.3	1015811	.	C	A	225.417	.
NC_000962.3	1017517	.	G	T	20.0908	.
NC_000962.3	1023466	.	G	T	3.68918	.
NC_000962.3	1025106	.	T	C	225.417	.
NC_000962.3	1027897	.	G	T	4.26453	.
NC_000962.3	1028284	.	C	A	16.793	.
NC_000962.3	1030328	.	G	T	8.0839	.
NC_000962.3	1037012	.	T	C	225.417	.
NC_000962.3	1037911	.	C	T	225.421	.
NC_000962.3	1045265	.	G	T	8.27688	.
NC_000962.3	1046556	.	G	T	19.4545	.
NC_000962.3	1047165	.	T	C	145.416	.
NC_000962.3	1049324	.	C	A	5.78036	.
NC_000962.3	1049364	.	C	A	15.4259	.
NC_000962.3	1054415	.	G	T	7.29374	.
NC_000962.3	1056916	.	T	G	225.417	.
NC_000962.3	1058820	.	C	A	29.6856	.
NC_000962.3	1059321	.	G	T	3.79242	.
NC_000962.3	1061510	.	C	A	47.5278	.
NC_000962.3	1063387	.	T	C	225.417	.
NC_000962.3	1065149	.	C	T	225.417	.
NC_000962.3	1068151	.	T	C	225.417	.
NC_000962.3	1068432	.	A	G	225.417	.
NC_000962.3	1070300	.	C	A	15.6426	.
NC_000962.3	1070702	.	T	C	225.417	.
NC_000962.3	1072500	.	G	T	15.5026	.
NC_000962.3	1074558	.	G	A	225.417	.
NC_000962.3	1075107	.	C	A	7.51188	.
NC_000962.3	1075269	.	C	T	225.417	.
NC_000962.3	1075279	.	T	C	225.417	.
NC_000962.3	1076309	.	G	T	225.417	.
NC_000962.3	1077312	.	A	G	225.417	.
NC_000962.3	1077658	.	C	A	11.1409	.
NC_000962.3	1079927	.	C	A	225.417	.
NC_000962.3	1080308	.	C	A	11.3265	.
NC_000962.3	1081681	.	T	C	225.417	.
NC_000962.3	1085342	.	C	A	13.3597	.
NC_000962.3	1086525	.	G	T	225.417	.
NC_000962.3	1087193	.	G	C	225.417	.
NC_000962.3	1089465	.	G	T	25.271	.
NC_000962.3	1091067	.	C	A	14.8411	.
NC_000962.3	1091127	.	G	A	5.7862	.
NC_000962.3	1091415	.	C	A	15.5373	.
NC_000962.3	1091820	.	G	T	21.4353	.
NC_000962.3	1093406	.	A	G	225.417	.
NC_000962.3	1093928	.	G	A	130.42	.
NC_000962.3	1094062	.	T	G	35.1711	.
NC_000962.3	1094228	.	T	G	225.417	.
NC_000962.3	1096076	.	C	T	3.8784	.
NC_000962.3	1096508	.	C	G	225.417	.
NC_000962.3	1096510	.	T	C	225.417	.
NC_000962.3	1096633	.	T	G	228.342	.
NC_000962.3	1100234	.	T	C	225.421	.
NC_000962.3	1101092	.	C	T	225.421	.
NC_000962.3	1106422	.	T	C	225.417	.
NC_000962.3	1109751	.	C	A	3.80317	.
NC_000962.3	1109975	.	A	G	225.417	.
NC_000962.3	1113374	.	G	T	13.1357	.
NC_000962.3	1113949	.	G	A	4.8927	.
NC_000962.3	1122028	.	C	A	3.0586	.
NC_000962.3	1123302	.	G	T	3.96523	.
NC_000962.3	1125076	.	G	A	10.2335	.
NC_000962.3	1126889	.	G	C	225.421	.
NC_000962.3	1127648	.	C	A	225.417	.
NC_000962.3	1133288	.	G	T	30.701	.
NC_000962.3	1134602	.	G	T	3.07482	.
NC_000962.3	1135276	.	G	T	3.27955	.
NC_000962.3	1138500	.	G	T	7.35679	.
NC_000962.3	1145831	.	G	T	10.7965	.
NC_000962.3	1149551	.	C	T	225.417	.
NC_000962.3	1150585	.	G	A	225.417	.
NC_000962.3	1151932	.	G	T	6.30135	.
NC_000962.3	1152759	.	G	T	3.25825	.
NC_000962.3	1161029	.	C	G	225.417	.
NC_000962.3	1161032	.	G	A	225.417	.
NC_000962.3	1163134	.	T	C	225.417	.
NC_000962.3	1165521	.	TA	TAA	225.417	.
NC_000962.3	1168715	.	CTT	CTTT	225.417	.
NC_000962.3	1173303	.	G	T	23.6731	.
NC_000962.3	1173801	.	A	C	228.193	.
NC_000962.3	1176383	.	C	A	5.77692	.
NC_000962.3	1178116	.	T	C	225.417	.
NC_000962.3	1178910	.	C	A	225.417	.
NC_000962.3	1185185	.	G	T	10.6297	.
NC_000962.3	1188514	.	ACCCTTGCCGCCGTTGCCGCCGTTGCCGCCGTCACCGACCAACTGGGCGTCGCCGCCCTTGCCGCCGTTGCCGCCGTTGCCGCCGT	ACCCTTGCCGCCGTTGCCGCCGTTGCCGCCGT	50.4146	.
NC_000962.3	1188563	.	T	G	8.99921	.
NC_000962.3	1188568	.	G	A	21.4497	.
NC_000962.3	1195174	.	G	T	5.95051	.
NC_000962.3	1196039	.	G	C	225.417	.
NC_000962.3	1199588	.	G	T	57.2173	.
NC_000962.3	1200418	.	A	G	225.417	.
NC_000962.3	1200899	.	A	G	225.417	.
NC_000962.3	1203444	.	G	T	8.99921	.
NC_000962.3	1207340	.	C	T	225.421	.
NC_000962.3	1212626	.	ACGGCGGCGCCGGCGG	ACGGCGG	225.417	.
NC_000962.3	1212635	.	C	A	5.04598	.
NC_000962.3	1217581	.	T	C	8.99921	.
NC_000962.3	1217910	.	G	C	100.415	.
NC_000962.3	1218921	.	G	T	11.2559	.
NC_000962.3	1220478	.	G	A	225.417	.
NC_000962.3	1220680	.	T	C	225.417	.
NC_000962.3	1223197	.	G	T	3.83347	.
NC_000962.3	1224367	.	T	C	225.417	.
NC_000962.3	1228360	.	C	A	21.1146	.
NC_000962.3	1231309	.	C	A	10.7289	.
NC_000962.3	1233457	.	C	A	4.69086	.
NC_000962.3	1233624	.	G	T	43.5758	.
NC_000962.3	1237777	.	C	A	3.0359	.
NC_000962.3	1239045	.	C	T	225.417	.
NC_000962.3	1244217	.	C	A	3.83069	.
NC_000962.3	1246330	.	C	A	7.55081	.
NC_000962.3	1248635	.	TGG	TGGG	225.417	.
NC_000962.3	1248978	.	T	C	225.417	.
NC_000962.3	1249263	.	G	C	225.417	.
NC_000962.3	1253267	.	G	T	25.928	.
NC_000962.3	1260861	.	G	T	4.96	.
NC_000962.3	1261344	.	C	A	13.8122	.
NC_000962.3	1264467	.	C	T	225.417	.
NC_000962.3	1269923	.	G	T	32.7672	.
NC_000962.3	1270851	.	G	T	4.36797	.
NC_000962.3	1274252	.	C	T	5.7838	.
NC_000962.3	1277869	.	GT	GTT	225.417	.
NC_000962.3	1280508	.	C	T	225.417	.
NC_000962.3	1281118	.	T	C	225.417	.
NC_000962.3	1287155	.	C	A	225.417	.
NC_000962.3	1287671	.	C	A	25.9964	.
NC_000962.3	1289555	.	C	G	225.417	.
NC_000962.3	1290462	.	G	T	3.7387	.
NC_000962.3	1292102	.	A	G	225.417	.
NC_000962.3	1300113	.	G	T	3.86269	.
NC_000962.3	1301065	.	C	T	5.9428	.
NC_000962.3	1304258	.	C	A	31.3886	.
NC_000962.3	1305593	.	C	G	52.1896	.
NC_000962.3	1306283	.	G	T	33.2024	.
NC_000962.3	1308161	.	C	T	228.388	.
NC_000962.3	1309570	.	G	T	5.86767	.
NC_000962.3	1311384	.	G	T	29.6068	.
NC_000962.3	1313337	.	A	AG	225.417	.
NC_000962.3	1313338	.	A	C	85.415	.
NC_000962.3	1313424	.	G	T	225.417	.
NC_000962.3	1315191	.	A	C	225.417	.
NC_000962.3	1315884	.	G	A	225.417	.
NC_000962.3	1327890	.	G	A	225.417	.
NC_000962.3	1328055	.	G	T	3.54158	.
NC_000962.3	1328324	.	C	A	24.1625	.
NC_000962.3	1328393	.	C	T	3.81964	.
NC_000962.3	1328687	.	G	C	225.417	.
NC_000962.3	1329156	.	G	T	3.17753	.
NC_000962.3	1337572	.	G	T	5.43893	.
NC_000962.3	1337847	.	G	T	29.9663	.
NC_000962.3	1337865	.	G	T	3.52954	.
NC_000962.3	1340167	.	GGCCGCC	GGCC	228.401	.
NC_000962.3	1340173	.	C	T	180.416	.
NC_000962.3	1340183	.	C	G	225.417	.
NC_000962.3	1340988	.	C	T	225.417	.
NC_000962.3	1341102	.	C	T	225.417	.
NC_000962.3	1341103	.	G	C	225.417	.
NC_000962.3	1341295	.	A	G	225.417	.
NC_000962.3	1347105	.	C	A	3.07075	.
NC_000962.3	1347271	.	C	A	8.71042	.
NC_000962.3	1349995	.	C	A	5.41486	.
NC_000962.3	1352350	.	C	T	225.417	.
NC_000962.3	1353235	.	G	T	3.80044	.
NC_000962.3	1363367	.	G	T	225.417	.
NC_000962.3	1365837	.	CGGGG	CGGGGG	228.258	.
NC_000962.3	1373057	.	G	T	15.8902	.
NC_000962.3	1373502	.	G	A	228.183	.
NC_000962.3	1374065	.	T	C	225.417	.
NC_000962.3	1375724	.	A	C	225.417	.
NC_000962.3	1379451	.	G	T	19.8959	.
NC_000962.3	1381563	.	G	T	3.53915	.
NC_000962.3	1382628	.	T	C	225.417	.
NC_000962.3	1390947	.	G	T	17.2165	.
NC_000962.3	1393626	.	A	G	225.417	.
NC_000962.3	1396922	.	T	C	225.417	.
NC_000962.3	1397845	.	C	A	43.3153	.
NC_000962.3	1399800	.	C	A	10.2664	.
NC_000962.3	1404184	.	G	T	5.01089	.
NC_000962.3	1405516	.	G	T	40.2788	.
NC_000962.3	1405892	.	C	G	225.417	.
NC_000962.3	1411210	.	T	G	225.417	.
NC_000962.3	1411665	.	C	A	5.88905	.
NC_000962.3	1413148	.	C	T	214.417	.
NC_000962.3	1414021	.	C	T	225.417	.
NC_000962.3	1415025	.	G	T	5.95827	.
NC_000962.3	1415825	.	C	A	3.60086	.
NC_000962.3	1416897	.	C	A	11.1991	.
NC_000962.3	1418925	.	C	A	4.93709	.
NC_000962.3	1421031	.	C	A	21.3276	.
NC_000962.3	1421562	.	G	T	14.5869	.
NC_000962.3	1425430	.	G	T	3.97952	.
NC_000962.3	1425511	.	A	G	225.417	.
NC_000962.3	1428626	.	G	T	18.0455	.
NC_000962.3	1434648	.	C	T	225.417	.
NC_000962.3	1438445	.	C	A	7.97358	.
NC_000962.3	1439587	.	C	A	30.9082	.
NC_000962.3	1440469	.	C	G	225.421	.
NC_000962.3	1444616	.	G	T	21.5822	.
NC_000962.3	1444679	.	G	T	8.68976	.
NC_000962.3	1445444	.	G	T	10.137	.
NC_000962.3	1445781	.	A	G	225.417	.
NC_000962.3	1451971	.	G	A	228.401	.
NC_000962.3	1453257	.	G	T	5.54878	.
NC_000962.3	1453793	.	G	T	16.1448	.
NC_000962.3	1455147	.	G	T	12.0981	.
NC_000962.3	1457144	.	C	T	225.417	.
NC_000962.3	1467753	.	G	A	225.417	.
NC_000962.3	1471659	.	C	T	225.417	.
NC_000962.3	1480543	.	C	A	6.42242	.
NC_000962.3	1480648	.	C	A	8.05946	.
NC_000962.3	1482627	.	T	C	225.417	.
NC_000962.3	1484708	.	A	C	225.417	.
NC_000962.3	1487166	.	G	T	225.417	.
NC_000962.3	1489174	.	G	T	15.4167	.
NC_000962.3	1489283	.	C	G	18.4065	.
NC_000962.3	1489284	.	C	T	18.4065	.
NC_000962.3	1489357	.	G	T	18.4307	.
NC_000962.3	1499274	.	C	G	225.417	.
NC_000962.3	1506754	.	C	A	5.40297	.
NC_000962.3	1512105	.	G	T	4.29947	.
NC_000962.3	1515359	.	G	T	24.7043	.
NC_000962.3	1518164	.	T	A	225.417	.
NC_000962.3	1522143	.	C	A	19.7276	.
NC_000962.3	1526819	.	C	A	225.417	.
NC_000962.3	1530404	.	T	G	225.417	.
NC_000962.3	1534538	.	C	T	225.417	.
NC_000962.3	1536251	.	G	T	225.417	.
NC_000962.3	1540366	.	C	A	11.3134	.
NC_000962.3	1541849	.	C	A	13.2604	.
NC_000962.3	1547125	.	T	C	225.417	.
NC_000962.3	1551732	.	C	A	70.4917	.
NC_000962.3	1552547	.	G	A	225.417	.
NC_000962.3	1552959	.	G	T	3.7203	.
NC_000962.3	1553500	.	G	T	8.48501	.
NC_000962.3	1556546	.	C	A	5.89621	.
NC_000962.3	1557935	.	G	T	4.92035	.
NC_000962.3	1564504	.	C	A	23.6254	.
NC_000962.3	1566640	.	G	T	33.6817	.
NC_000962.3	1567533	.	G	C	225.417	.
NC_000962.3	1569806	.	C	A	3.11722	.
NC_000962.3	1570566	.	C	A	225.417	.
NC_000962.3	1571529	.	C	A	7.32207	.
NC_000962.3	1572289	.	G	T	3.04653	.
NC_000962.3	1573170	.	GCCC	GCC	52.4146	.
NC_000962.3	1575324	.	A	G	225.417	.
NC_000962.3	1575614	.	C	A	10.2016	.
NC_000962.3	1576609	.	C	A	19.8211	.
NC_000962.3	1581419	.	C	A	225.417	.
NC_000962.3	1586672	.	G	A	9.28759	.
NC_000962.3	1588899	.	G	T	225.417	.
NC_000962.3	1595479	.	C	A	29.3715	.
NC_000962.3	1598688	.	G	T	13.7659	.
NC_000962.3	1602765	.	G	T	30.0311	.
NC_000962.3	1609840	.	A	G	225.417	.
NC_000962.3	1612621	.	C	A	27.9988	.
NC_000962.3	1612624	.	T	G	58.601	.
NC_000962.3	1612624	.	TATCGGTACCGGTGCGCCAGGGATTGGTACCGGTGCGCC	TATCGGTACCGGTGCGCCAGGGATCGGTACCGGTGCGCCAGGGATTGGTACCGGTGCGCC	44.8015	.
NC_000962.3	1612648	.	T	C	167.346	.
NC_000962.3	1613035	.	T	C	225.417	.
NC_000962.3	1613534	.	G	T	15.1334	.
NC_000962.3	1614697	.	C	T	225.417	.
NC_000962.3	1622760	.	GTT	GTTT	225.417	.
NC_000962.3	1630148	.	A	C	228.197	.
NC_000962.3	1634154	.	G	T	7.23677	.
NC_000962.3	1634418	.	C	T	225.417	.
NC_000962.3	1636826	.	C	A	225.417	.
NC_000962.3	1636918	.	C	T	225.417	.
NC_000962.3	1636927	.	C	T	225.417	.
NC_000962.3	1636928	.	A	G	225.417	.
NC_000962.3	1636934	.	A	G	225.417	.
NC_000962.3	1636936	.	G	T	225.417	.
NC_000962.3	1636944	.	G	T	225.417	.
NC_000962.3	1636945	.	C	G	225.417	.
NC_000962.3	1636946	.	C	A	225.417	.
NC_000962.3	1636980	.	G	T	212.417	.
NC_000962.3	1636981	.	G	T	186.416	.
NC_000962.3	1636983	.	C	G	213.417	.
NC_000962.3	1639594	.	C	A	225.417	.
NC_000962.3	1639894	.	A	C	225.417	.
NC_000962.3	1645126	.	G	T	8.37409	.
NC_000962.3	1650072	.	A	G	225.417	.
NC_000962.3	1659535	.	G	T	26.4842	.
NC_000962.3	1660125	.	G	T	25.9711	.
NC_000962.3	1660502	.	C	T	225.417	.
NC_000962.3	1670396	.	G	T	18.7944	.
NC_000962.3	1673372	.	C	A	5.51552	.
NC_000962.3	1673393	.	G	C	225.417	.
NC_000962.3	1674982	.	G	T	5.37634	.
NC_000962.3	1676290	.	C	A	225.417	.
NC_000962.3	1687399	.	C	A	3.15232	.
NC_000962.3	1687934	.	C	A	7.32713	.
NC_000962.3	1689349	.	C	T	225.417	.
NC_000962.3	1689715	.	G	C	225.421	.
NC_000962.3	1691129	.	G	T	19.4119	.
NC_000962.3	1692141	.	A	C	225.417	.
NC_000962.3	1693561	.	A	G	225.417	.
NC_000962.3	1696464	.	C	G	225.417	.
NC_000962.3	1698911	.	G	A	225.417	.
NC_000962.3	1701908	.	C	A	225.417	.
NC_000962.3	1703142	.	C	G	225.417	.
NC_000962.3	1705681	.	CG	C	225.417	.
NC_000962.3	1706119	.	T	C	225.417	.
NC_000962.3	1708799	.	G	T	225.417	.
NC_000962.3	1710351	.	G	T	13.9925	.
NC_000962.3	1716684	.	G	A	225.417	.
NC_000962.3	1721481	.	G	T	8.1939	.
NC_000962.3	1728837	.	A	G	225.417	.
NC_000962.3	1731748	.	G	T	16.0112	.
NC_000962.3	1733565	.	C	G	225.421	.
NC_000962.3	1739704	.	G	A	19.8467	.
NC_000962.3	1744157	.	G	T	19.8013	.
NC_000962.3	1744823	.	G	T	8.47204	.
NC_000962.3	1746781	.	G	A	225.417	.
NC_000962.3	1747254	.	C	T	225.417	.
NC_000962.3	1747939	.	C	A	8.87165	.
NC_000962.3	1752561	.	T	C	225.417	.
NC_000962.3	1752908	.	C	A	5.01666	.
NC_000962.3	1753519	.	GCCCC	GCCCCC	228.276	.
NC_000962.3	1757811	.	A	G	225.417	.
NC_000962.3	1759252	.	G	T	225.417	.
NC_000962.3	1760255	.	C	A	7.94996	.
NC_000962.3	1760292	.	A	G	225.417	.
NC_000962.3	1766653	.	C	A	29.2171	.
NC_000962.3	1770947	.	C	A	3.15029	.
NC_000962.3	1771756	.	C	G	225.417	.
NC_000962.3	1776486	.	C	A	8.40786	.
NC_000962.3	1778430	.	T	C	225.417	.
NC_000962.3	1779370	.	G	C	225.417	.
NC_000962.3	1780291	.	C	A	5.98362	.
NC_000962.3	1783274	.	C	T	4.38466	.
NC_000962.3	1783858	.	C	A	30.4183	.
NC_000962.3	1785627	.	C	A	4.90373	.
NC_000962.3	1786103	.	C	A	7.75101	.
NC_000962.3	1788613	.	C	T	212.302	.
NC_000962.3	1789446	.	C	T	79.4149	.
NC_000962.3	1789516	.	A	G	85.415	.
NC_000962.3	1789564	.	C	T	39.4149	.
NC_000962.3	1789565	.	C	A	30.4183	.
NC_000962.3	1789650	.	C	T	88.415	.
NC_000962.3	1789654	.	A	G	97.1566	.
NC_000962.3	1789671	.	C	T	100.415	.
NC_000962.3	1789675	.	A	C	131.416	.
NC_000962.3	1789678	.	C	G	132.416	.
NC_000962.3	1789766	.	T	G	225.417	.
NC_000962.3	1790596	.	G	T	50.9023	.
NC_000962.3	1791746	.	G	T	6.62666	.
NC_000962.3	1793395	.	C	A	6.36112	.
NC_000962.3	1794638	.	G	T	11.2797	.
NC_000962.3	1798355	.	G	A	225.417	.
NC_000962.3	1803265	.	G	A	225.417	.
NC_000962.3	1804409	.	C	A	225.417	.
NC_000962.3	1806730	.	G	T	225.417	.
NC_000962.3	1808318	.	G	T	12.3383	.
NC_000962.3	1808326	.	G	T	21.4268	.
NC_000962.3	1810747	.	C	A	55.8516	.
NC_000962.3	1811067	.	G	T	3.64598	.
NC_000962.3	1812362	.	G	A	225.417	.
NC_000962.3	1812556	.	C	A	68.107	.
NC_000962.3	1814855	.	G	C	225.417	.
NC_000962.3	1817976	.	A	T	225.417	.
NC_000962.3	1820287	.	C	A	5.82192	.
NC_000962.3	1829815	.	C	T	18.2753	.
NC_000962.3	1836286	.	G	C	225.417	.
NC_000962.3	1837573	.	G	T	4.8927	.
NC_000962.3	1844229	.	C	A	38.9996	.
NC_000962.3	1847570	.	C	T	225.417	.
NC_000962.3	1847919	.	C	G	225.417	.
NC_000962.3	1850082	.	T	C	225.417	.
NC_000962.3	1852883	.	C	T	10.375	.
NC_000962.3	1853207	.	C	A	60.3974	.
NC_000962.3	1854300	.	T	C	225.417	.
NC_000962.3	1856777	.	G	C	225.417	.
NC_000962.3	1860121	.	G	T	5.90816	.
NC_000962.3	1861594	.	G	T	10.6625	.
NC_000962.3	1864698	.	C	T	225.417	.
NC_000962.3	1880540	.	G	T	3.58976	.
NC_000962.3	1880673	.	C	A	5.0372	.
NC_000962.3	1885703	.	C	A	15.9055	.
NC_000962.3	1885772	.	G	A	225.417	.
NC_000962.3	1886982	.	C	T	225.417	.
NC_000962.3	1887346	.	G	T	225.417	.
NC_000962.3	1894300	.	GG	GGTCTTGCCGCG	225.417	.
NC_000962.3	1895687	.	G	T	6.11604	.
NC_000962.3	1899556	.	C	A	18.2112	.
NC_000962.3	1901493	.	T	C	225.417	.
NC_000962.3	1904207	.	G	T	3.14759	.
NC_000962.3	1906173	.	G	T	12.1552	.
NC_000962.3	1907296	.	G	C	225.417	.
NC_000962.3	1907445	.	C	T	225.417	.
NC_000962.3	1909783	.	C	A	20.6423	.
NC_000962.3	1910986	.	C	A	3.80044	.
NC_000962.3	1913074	.	C	A	17.8041	.
NC_000962.3	1913680	.	G	T	44.8002	.
NC_000962.3	1916722	.	G	T	3.18821	.
NC_000962.3	1917972	.	A	G	225.417	.
NC_000962.3	1918081	.	G	T	15.427	.
NC_000962.3	1919938	.	G	T	3.38921	.
NC_000962.3	1921073	.	G	T	3.18865	.
NC_000962.3	1923970	.	G	T	119.689	.
NC_000962.3	1925421	.	C	A	7.82508	.
NC_000962.3	1928519	.	G	T	29.2044	.
NC_000962.3	1931007	.	G	T	4.43654	.
NC_000962.3	1931179	.	C	A	225.417	.
NC_000962.3	1933988	.	G	A	225.417	.
NC_000962.3	1938945	.	C	A	10.2913	.
NC_000962.3	1939026	.	C	T	225.417	.
NC_000962.3	1939852	.	G	T	10.263	.
NC_000962.3	1942319	.	C	A	21.1285	.
NC_000962.3	1944388	.	G	T	23.1171	.
NC_000962.3	1944402	.	T	C	225.417	.
NC_000962.3	1947863	.	G	T	22.1426	.
NC_000962.3	1948352	.	G	C	220.423	.
NC_000962.3	1949545	.	G	T	15.7094	.
NC_000962.3	1950767	.	T	C	225.417	.
NC_000962.3	1958190	.	C	A	3.86855	.
NC_000962.3	1958280	.	C	A	14.3133	.
NC_000962.3	1958901	.	G	T	17.5776	.
NC_000962.3	1960284	.	C	A	225.417	.
NC_000962.3	1963172	.	C	A	10.8678	.
NC_000962.3	1967237	.	C	A	225.417	.
NC_000962.3	1969638	.	C	A	7.69169	.
NC_000962.3	1970112	.	C	A	8.41234	.
NC_000962.3	1970180	.	G	T	13.726	.
NC_000962.3	1970783	.	G	T	37.4424	.
NC_000962.3	1973247	.	G	T	21.6392	.
NC_000962.3	1973572	.	T	C	225.417	.
NC_000962.3	1977186	.	G	A	14.2361	.
NC_000962.3	1978193	.	C	A	5.86686	.
NC_000962.3	1978412	.	G	T	3.5867	.
NC_000962.3	1979134	.	C	A	4.86136	.
NC_000962.3	1979187	.	C	A	7.39198	.
NC_000962.3	1979313	.	C	T	28.0327	.
NC_000962.3	1983273	.	G	A	217.342	.
NC_000962.3	1983276	.	G	C	225.417	.
NC_000962.3	1984632	.	C	A	5.01666	.
NC_000962.3	1985124	.	T	G	225.421	.
NC_000962.3	2001123	.	C	T	6.74868	.
NC_000962.3	2001484	.	G	T	21.2202	.
NC_000962.3	2001508	.	G	T	15.4267	.
NC_000962.3	2010390	.	C	A	225.417	.
NC_000962.3	2013756	.	T	C	225.417	.
NC_000962.3	2014687	.	C	G	225.417	.
NC_000962.3	2022868	.	T	C	225.417	.
NC_000962.3	2024582	.	C	A	17.19	.
NC_000962.3	2027180	.	T	C	225.417	.
NC_000962.3	2028992	.	C	T	225.417	.
NC_000962.3	2029087	.	G	C	181.416	.
NC_000962.3	2030702	.	T	C	225.417	.
NC_000962.3	2030765	.	T	G	225.417	.
NC_000962.3	2032819	.	A	G	225.417	.
NC_000962.3	2037110	.	C	A	3.12086	.
NC_000962.3	2038620	.	G	T	18.9481	.
NC_000962.3	2038922	.	G	A	225.417	.
NC_000962.3	2044706	.	C	A	14.2158	.
NC_000962.3	2045310	.	A	G	132.416	.
NC_000962.3	2045956	.	C	A	8.99921	.
NC_000962.3	2049065	.	T	C	225.417	.
NC_000962.3	2049097	.	G	C	225.417	.
NC_000962.3	2049673	.	T	G	225.417	.
NC_000962.3	2051483	.	G	T	18.3635	.
NC_000962.3	2051746	.	T	C	225.417	.
NC_000962.3	2052035	.	G	T	225.417	.
NC_000962.3	2053308	.	C	A	72.7516	.
NC_000962.3	2055271	.	A	G	225.417	.
NC_000962.3	2057070	.	A	T	225.417	.
NC_000962.3	2057774	.	A	T	225.417	.
NC_000962.3	2062010	.	C	T	8.99921	.
NC_000962.3	2063187	.	G	A	225.417	.
NC_000962.3	2066977	.	G	T	5.81844	.
NC_000962.3	2071120	.	C	A	10.3875	.
NC_000962.3	2071782	.	G	T	42.2016	.
NC_000962.3	2072308	.	G	T	41.2561	.
NC_000962.3	2074458	.	G	C	220.417	.
NC_000962.3	2074603	.	G	T	3.7766	.
NC_000962.3	2080925	.	C	T	225.417	.
NC_000962.3	2081087	.	T	C	228.285	.
NC_000962.3	2082826	.	C	A	10.8567	.
NC_000962.3	2088661	.	G	T	7.46337	.
NC_000962.3	2094911	.	ACAGCGTCAGCGTCAG	ACAGCGTCAG	225.417	.
NC_000962.3	2096186	.	A	G	225.417	.
NC_000962.3	2097691	.	G	T	24.3036	.
NC_000962.3	2100516	.	C	A	16.2504	.
NC_000962.3	2100710	.	G	T	17.4704	.
NC_000962.3	2101893	.	G	T	10.646	.
NC_000962.3	2105410	.	G	T	54.0966	.
NC_000962.3	2109523	.	CGG	CGGG	228.38	.
NC_000962.3	2112672	.	C	A	3.80317	.
NC_000962.3	2113058	.	C	A	225.417	.
NC_000962.3	2116903	.	C	T	225.417	.
NC_000962.3	2121268	.	C	A	6.26406	.
NC_000962.3	2122395	.	C	T	225.417	.
NC_000962.3	2123168	.	T	G	225.417	.
NC_000962.3	2123169	.	T	G	225.417	.
NC_000962.3	2127526	.	G	T	27.0778	.
NC_000962.3	2128870	.	A	G	225.417	.
NC_000962.3	2129044	.	C	A	7.84821	.
NC_000962.3	2129049	.	C	A	9.69146	.
NC_000962.3	2132162	.	C	A	9.38814	.
NC_000962.3	2133468	.	TTCGCAT	TTCGCATGCCGTCACCTCGCAT	225.417	.
NC_000962.3	2133475	.	A	G	65.182	.
NC_000962.3	2135870	.	T	C	225.417	.
NC_000962.3	2137242	.	C	A	42.4902	.
NC_000962.3	2138245	.	CTGGTAATCCATTGT	CT	225.417	.
NC_000962.3	2138931	.	G	T	13.519	.
NC_000962.3	2139944	.	G	T	5.62408	.
NC_000962.3	2143328	.	G	C	225.417	.
NC_000962.3	2143958	.	C	T	225.417	.
NC_000962.3	2146177	.	G	T	35.8873	.
NC_000962.3	2147022	.	A	C	228.324	.
NC_000962.3	2148350	.	G	T	225.417	.
NC_000962.3	2148736	.	G	T	28.4232	.
NC_000962.3	2154157	.	G	T	16.0716	.
NC_000962.3	2157940	.	C	T	23.0867	.
NC_000962.3	2157968	.	C	A	16.3962	.
NC_000962.3	2158327	.	C	T	225.417	.
NC_000962.3	2161883	.	G	T	8.3075	.
NC_000962.3	2163331	.	G	T	225.417	.
NC_000962.3	2163412	.	A	G	62.3884	.
NC_000962.3	2163415	.	C	A	84.6598	.
NC_000962.3	2163417	.	G	C	54.3612	.
NC_000962.3	2163419	.	C	T	56.3377	.
NC_000962.3	2163421	.	C	G	58.4668	.
NC_000962.3	2163444	.	T	C	79.1601	.
NC_000962.3	2163493	.	A	G	33.4163	.
NC_000962.3	2163494	.	G	C	19.4636	.
NC_000962.3	2163496	.	A	C	19.4636	.
NC_000962.3	2163504	.	G	A	106.415	.
NC_000962.3	2163510	.	T	C	112.415	.
NC_000962.3	2163517	.	A	C	149.416	.
NC_000962.3	2163520	.	G	A	145.416	.
NC_000962.3	2163790	.	A	C	225.417	.
NC_000962.3	2165286	.	A	C	213.417	.
NC_000962.3	2165503	.	T	A	225.417	.
NC_000962.3	2168994	.	G	T	7.52008	.
NC_000962.3	2171650	.	C	G	225.417	.
NC_000962.3	2175484	.	C	A	3.84181	.
NC_000962.3	2176101	.	A	G	225.417	.
NC_000962.3	2176207	.	C	T	225.417	.
NC_000962.3	2181393	.	T	A	3.42016	.
NC_000962.3	2181805	.	AG	A	225.417	.
NC_000962.3	2184419	.	C	A	7.9755	.
NC_000962.3	2187180	.	G	T	8.7943	.
NC_000962.3	2190418	.	G	T	20.5451	.
NC_000962.3	2190971	.	C	A	6.33154	.
NC_000962.3	2192021	.	G	A	14.2926	.
NC_000962.3	2197416	.	C	A	13.859	.
NC_000962.3	2207591	.	T	TC	228.393	.
NC_000962.3	2211826	.	A	G	225.417	.
NC_000962.3	2216443	.	C	A	225.417	.
NC_000962.3	2217291	.	C	A	14.3606	.
NC_000962.3	2220512	.	T	G	225.417	.
NC_000962.3	2221746	.	CCGGCG	CCGGCGGCG	225.417	.
NC_000962.3	2223293	.	T	C	225.417	.
NC_000962.3	2226704	.	C	A	13.3054	.
NC_000962.3	2228967	.	A	G	225.417	.
NC_000962.3	2231530	.	C	A	5.93229	.
NC_000962.3	2233947	.	T	C	225.417	.
NC_000962.3	2241913	.	T	C	225.417	.
NC_000962.3	2251999	.	A	G	225.417	.
NC_000962.3	2255839	.	C	A	225.417	.
NC_000962.3	2256073	.	G	A	225.417	.
NC_000962.3	2260525	.	C	T	225.417	.
NC_000962.3	2264782	.	C	A	225.417	.
NC_000962.3	2265059	.	T	G	172.416	.
NC_000962.3	2266508	.	A	T	34.6101	.
NC_000962.3	2266517	.	T	C	70.2644	.
NC_000962.3	2266550	.	G	T	129.232	.
NC_000962.3	2266553	.	C	G	130.437	.
NC_000962.3	2266583	.	C	G	163.558	.
NC_000962.3	2266598	.	G	C	148.449	.
NC_000962.3	2266604	.	C	G	156.605	.
NC_000962.3	2266624	.	G	T	127.113	.
NC_000962.3	2269780	.	T	C	225.421	.
NC_000962.3	2270102	.	A	G	225.417	.
NC_000962.3	2272673	.	G	A	225.417	.
NC_000962.3	2273266	.	C	A	17.487	.
NC_000962.3	2281733	.	G	A	225.417	.
NC_000962.3	2282787	.	C	T	225.417	.
NC_000962.3	2283870	.	G	T	27.5079	.
NC_000962.3	2285251	.	C	A	225.417	.
NC_000962.3	2287121	.	A	G	228.372	.
NC_000962.3	2292591	.	C	A	14.9554	.
NC_000962.3	2293056	.	G	A	225.417	.
NC_000962.3	2296042	.	G	C	228.407	.
NC_000962.3	2296244	.	C	G	228.369	.
NC_000962.3	2298851	.	G	T	19.1218	.
NC_000962.3	2300237	.	A	G	228.399	.
NC_000962.3	2300546	.	A	T	225.417	.
NC_000962.3	2300552	.	T	G	228.189	.
NC_000962.3	2300555	.	A	G	225.417	.
NC_000962.3	2308749	.	C	A	18.0769	.
NC_000962.3	2313055	.	G	T	25.0285	.
NC_000962.3	2313188	.	G	T	19.5315	.
NC_000962.3	2315944	.	C	A	8.32403	.
NC_000962.3	2317133	.	G	A	12.5883	.
NC_000962.3	2317134	.	T	C	12.6066	.
NC_000962.3	2318142	.	ACCCCC	ACCCCCCC	24.4068	.
NC_000962.3	2320176	.	G	T	26.5316	.
NC_000962.3	2320601	.	G	T	5.83943	.
NC_000962.3	2323378	.	C	A	29.5388	.
NC_000962.3	2327831	.	C	T	225.417	.
NC_000962.3	2329533	.	A	G	225.417	.
NC_000962.3	2329983	.	A	C	225.417	.
NC_000962.3	2334007	.	A	G	225.417	.
NC_000962.3	2334223	.	G	T	24.4596	.
NC_000962.3	2335494	.	A	G	225.417	.
NC_000962.3	2340059	.	G	A	102.415	.
NC_000962.3	2340097	.	C	T	117.415	.
NC_000962.3	2340621	.	C	G	228.361	.
NC_000962.3	2340797	.	A	G	225.417	.
NC_000962.3	2341636	.	C	G	225.417	.
NC_000962.3	2341723	.	G	T	3.65606	.
NC_000962.3	2344389	.	T	C	225.417	.
NC_000962.3	2345037	.	C	A	225.417	.
NC_000962.3	2350268	.	G	A	225.417	.
NC_000962.3	2357268	.	TGCCGCCGCCGCCGCCGCCG	TGCCGCCGCCGCCGCCG	179.416	.
NC_000962.3	2357607	.	C	A	27.5793	.
NC_000962.3	2357658	.	C	A	27.9172	.
NC_000962.3	2357675	.	C	A	7.24475	.
NC_000962.3	2358104	.	G	C	225.417	.
NC_000962.3	2361604	.	C	G	225.417	.
NC_000962.3	2362041	.	C	A	225.417	.
NC_000962.3	2363628	.	G	T	19.554	.
NC_000962.3	2364503	.	C	A	11.1524	.
NC_000962.3	2366865	.	C	A	34.5001	.
NC_000962.3	2368564	.	TAA	TA	225.417	.
NC_000962.3	2369118	.	G	A	225.417	.
NC_000962.3	2369135	.	C	A	19.4533	.
NC_000962.3	2369971	.	A	G	225.417	.
NC_000962.3	2372493	.	C	G	78.4149	.
NC_000962.3	2378832	.	C	A	11.1108	.
NC_000962.3	2380262	.	G	T	11.357	.
NC_000962.3	2384376	.	G	T	28.8844	.
NC_000962.3	2386389	.	G	A	225.417	.
NC_000962.3	2387591	.	C	T	4.38466	.
NC_000962.3	2387733	.	T	C	188.416	.
NC_000962.3	2401363	.	G	T	3.80864	.
NC_000962.3	2406526	.	G	T	12.264	.
NC_000962.3	2406585	.	C	A	5.82681	.
NC_000962.3	2410170	.	C	A	22.0816	.
NC_000962.3	2410355	.	C	A	5.96483	.
NC_000962.3	2410415	.	G	T	3.7682	.
NC_000962.3	2415656	.	G	C	225.421	.
NC_000962.3	2424925	.	A	G	225.417	.
NC_000962.3	2427058	.	A	C	225.417	.
NC_000962.3	2436577	.	G	T	7.82068	.
NC_000962.3	2438123	.	G	T	4.91692	.
NC_000962.3	2439837	.	C	A	23.0481	.
NC_000962.3	2454714	.	A	G	225.417	.
NC_000962.3	2456450	.	G	T	5.83828	.
NC_000962.3	2462718	.	G	A	13.97	.
NC_000962.3	2465522	.	G	T	14.906	.
NC_000962.3	2470229	.	C	A	11.1725	.
NC_000962.3	2477045	.	G	T	4.34489	.
NC_000962.3	2477153	.	C	A	11.5602	.
NC_000962.3	2478856	.	T	C	225.417	.
NC_000962.3	2480441	.	G	T	5.00514	.
NC_000962.3	2484377	.	G	T	5.16148	.
NC_000962.3	2486802	.	C	A	10.1886	.
NC_000962.3	2496276	.	G	T	5.95783	.
NC_000962.3	2499726	.	G	A	225.417	.
NC_000962.3	2501369	.	C	A	7.89828	.
NC_000962.3	2503638	.	G	T	8.87931	.
NC_000962.3	2509140	.	G	C	225.417	.
NC_000962.3	2509722	.	A	G	225.417	.
NC_000962.3	2517598	.	C	T	9.24549	.
NC_000962.3	2521342	.	T	C	225.417	.
NC_000962.3	2523205	.	GCG	GCGCCG	228.298	.
NC_000962.3	2525722	.	CGGGGG	CGGGG	177.416	.
NC_000962.3	2529680	.	A	G	225.417	.
NC_000962.3	2529902	.	G	T	5.98286	.
NC_000962.3	2531742	.	A	G	225.417	.
NC_000962.3	2534444	.	G	T	29.3313	.
NC_000962.3	2534562	.	GGAG	GG	225.417	.
NC_000962.3	2546355	.	C	A	18.8886	.
NC_000962.3	2546369	.	C	A	15.8453	.
NC_000962.3	2551376	.	C	A	15.0576	.
NC_000962.3	2553409	.	C	A	5.00514	.
NC_000962.3	2557898	.	TGGGG	TGGGGG	228.178	.
NC_000962.3	2558011	.	C	A	3.32111	.
NC_000962.3	2560961	.	T	C	225.417	.
NC_000962.3	2570977	.	G	T	5.00514	.
NC_000962.3	2571037	.	G	T	11.9031	.
NC_000962.3	2572135	.	G	T	4.09575	.
NC_000962.3	2575192	.	C	A	11.2085	.
NC_000962.3	2575850	.	C	A	3.56361	.
NC_000962.3	2576804	.	G	T	7.19155	.
NC_000962.3	2579263	.	T	G	225.417	.
NC_000962.3	2583212	.	C	A	5.83943	.
NC_000962.3	2583692	.	C	T	37.8422	.
NC_000962.3	2586127	.	A	G	225.417	.
NC_000962.3	2586790	.	G	A	225.417	.
NC_000962.3	2593424	.	G	C	225.417	.
NC_000962.3	2596727	.	C	T	225.417	.
NC_000962.3	2597235	.	C	A	11.1944	.
NC_000962.3	2598400	.	A	G	225.417	.
NC_000962.3	2612632	.	C	A	225.417	.
NC_000962.3	2617930	.	G	T	3.55039	.
NC_000962.3	2622387	.	G	T	5.82891	.
NC_000962.3	2626026	.	A	G	102.042	.
NC_000962.3	2626035	.	A	C	100.934	.
NC_000962.3	2626041	.	G	A	97.8348	.
NC_000962.3	2626044	.	G	A	98.8711	.
NC_000962.3	2626056	.	A	G	102.973	.
NC_000962.3	2626062	.	G	A	105.005	.
NC_000962.3	2626068	.	C	T	88.709	.
NC_000962.3	2626077	.	A	C	85.5945	.
NC_000962.3	2626083	.	G	C	81.4114	.
NC_000962.3	2626095	.	C	A	64.9222	.
NC_000962.3	2626244	.	G	C	134.405	.
NC_000962.3	2626247	.	G	C	134.405	.
NC_000962.3	2626271	.	G	A	136.384	.
NC_000962.3	2626274	.	G	C	133.405	.
NC_000962.3	2626280	.	G	A	133.403	.
NC_000962.3	2626283	.	A	G	132.405	.
NC_000962.3	2626288	.	G	A	128.388	.
NC_000962.3	2626295	.	A	C	113.187	.
NC_000962.3	2626304	.	G	A	121.29	.
NC_000962.3	2626319	.	G	A	79.5562	.
NC_000962.3	2626322	.	G	A	46.7113	.
NC_000962.3	2626328	.	A	G	46.6886	.
NC_000962.3	2626436	.	G	A	4.8927	.
NC_000962.3	2630062	.	C	A	26.8563	.
NC_000962.3	2638890	.	G	A	36.1814	.
NC_000962.3	2638900	.	G	A	33.1516	.
NC_000962.3	2638997	.	G	A	122.509	.
NC_000962.3	2639625	.	C	T	225.417	.
NC_000962.3	2644202	.	G	T	3.03827	.
NC_000962.3	2644765	.	C	A	31.1528	.
NC_000962.3	2647585	.	C	A	3.04253	.
NC_000962.3	2655885	.	C	A	10.7499	.
NC_000962.3	2656225	.	A	G	225.417	.
NC_000962.3	2660277	.	C	A	21.6989	.
NC_000962.3	2660319	.	C	G	225.417	.
NC_000962.3	2660646	.	G	T	9.0034	.
NC_000962.3	2665304	.	G	A	225.417	.
NC_000962.3	2668119	.	C	T	14.3804	.
NC_000962.3	2668628	.	C	A	3.72066	.
NC_000962.3	2670923	.	G	T	3.81139	.
NC_000962.3	2673261	.	CGGTGG	CGG	225.417	.
NC_000962.3	2673876	.	G	T	54.3829	.
NC_000962.3	2680658	.	T	G	225.417	.
NC_000962.3	2688750	.	C	T	19.6172	.
NC_000962.3	2688885	.	C	A	14.272	.
NC_000962.3	2695378	.	C	G	225.417	.
NC_000962.3	2700310	.	G	T	3.94718	.
NC_000962.3	2701335	.	G	T	14.376	.
NC_000962.3	2702391	.	G	A	3.64747	.
NC_000962.3	2704884	.	AC	ACAGCGACCATATCGCCGAGCTC	228.217	.
NC_000962.3	2704886	.	G	A	98.3314	.
NC_000962.3	2710972	.	C	A	4.90373	.
NC_000962.3	2711023	.	C	A	44.8801	.
NC_000962.3	2711211	.	C	A	10.4599	.
NC_000962.3	2713795	.	C	T	225.417	.
NC_000962.3	2714946	.	G	T	3.46549	.
NC_000962.3	2718852	.	T	G	225.417	.
NC_000962.3	2720077	.	G	T	22.7045	.
NC_000962.3	2720314	.	C	A	5.48154	.
NC_000962.3	2720895	.	G	A	225.417	.
NC_000962.3	2721668	.	G	T	6.1146	.
NC_000962.3	2734074	.	T	C	225.417	.
NC_000962.3	2736052	.	G	T	4.74739	.
NC_000962.3	2738897	.	T	C	225.417	.
NC_000962.3	2741866	.	C	A	15.5474	.
NC_000962.3	2747426	.	C	A	3.14583	.
NC_000962.3	2751364	.	G	T	7.19915	.
NC_000962.3	2751794	.	G	A	5.91646	.
NC_000962.3	2751804	.	C	T	225.417	.
NC_000962.3	2752698	.	C	A	225.417	.
NC_000962.3	2754698	.	C	A	3.88472	.
NC_000962.3	2757205	.	C	T	225.417	.
NC_000962.3	2757206	.	C	T	228.343	.
NC_000962.3	2759003	.	G	A	36.2184	.
NC_000962.3	2760152	.	A	G	225.417	.
NC_000962.3	2762047	.	G	A	3.37005	.
NC_000962.3	2762773	.	G	T	11.8886	.
NC_000962.3	2764809	.	G	T	13.3597	.
NC_000962.3	2767516	.	C	A	16.5116	.
NC_000962.3	2774012	.	G	T	25.9465	.
NC_000962.3	2774039	.	G	T	22.7104	.
NC_000962.3	2774265	.	G	T	8.45482	.
NC_000962.3	2779136	.	T	C	225.417	.
NC_000962.3	2780595	.	G	T	8.98544	.
NC_000962.3	2780606	.	C	G	11.911	.
NC_000962.3	2783025	.	G	T	7.2829	.
NC_000962.3	2783070	.	C	A	9.97025	.
NC_000962.3	2783080	.	C	A	13.3164	.
NC_000962.3	2783908	.	C	A	30.7688	.
NC_000962.3	2786952	.	A	G	225.417	.
NC_000962.3	2793489	.	C	A	7.24224	.
NC_000962.3	2793767	.	C	A	18.3297	.
NC_000962.3	2795705	.	T	A	15.6426	.
NC_000962.3	2796825	.	G	A	225.417	.
NC_000962.3	2799499	.	G	T	16.6868	.
NC_000962.3	2802217	.	G	T	8.99921	.
NC_000962.3	2802264	.	C	G	5.04598	.
NC_000962.3	2802937	.	G	T	8.99921	.
NC_000962.3	2803055	.	C	A	13.4419	.
NC_000962.3	2805258	.	C	A	17.9624	.
NC_000962.3	2809096	.	C	A	5.88547	.
NC_000962.3	2809621	.	T	C	225.417	.
NC_000962.3	2809786	.	C	A	8.97254	.
NC_000962.3	2816296	.	A	C	225.417	.
NC_000962.3	2818837	.	A	G	225.417	.
NC_000962.3	2821089	.	C	A	225.417	.
NC_000962.3	2821342	.	C	T	225.417	.
NC_000962.3	2823769	.	G	T	7.39198	.
NC_000962.3	2827984	.	G	T	225.417	.
NC_000962.3	2828019	.	T	C	225.417	.
NC_000962.3	2829779	.	T	C	137.173	.
NC_000962.3	2830525	.	C	A	228.326	.
NC_000962.3	2832541	.	C	A	3.03456	.
NC_000962.3	2839493	.	C	A	27.6745	.
NC_000962.3	2841506	.	G	T	4.08534	.
NC_000962.3	2845648	.	C	A	5.9697	.
NC_000962.3	2847973	.	T	C	225.417	.
NC_000962.3	2848356	.	C	A	13.451	.
NC_000962.3	2852161	.	G	T	3.56293	.
NC_000962.3	2852973	.	G	A	225.417	.
NC_000962.3	2854558	.	C	T	225.417	.
NC_000962.3	2855259	.	A	G	225.417	.
NC_000962.3	2860901	.	T	C	225.417	.
NC_000962.3	2865444	.	CGGGGG	CGGGGGG	225.417	.
NC_000962.3	2865760	.	A	G	225.417	.
NC_000962.3	2865882	.	T	C	225.417	.
NC_000962.3	2875014	.	G	T	19.1651	.
NC_000962.3	2875024	.	G	T	10.6549	.
NC_000962.3	2875883	.	C	T	225.417	.
NC_000962.3	2878280	.	C	A	6.83758	.
NC_000962.3	2880704	.	C	A	27.6485	.
NC_000962.3	2881597	.	AGGGGGG	AGGGGG	210.417	.
NC_000962.3	2882111	.	C	A	10.375	.
NC_000962.3	2888201	.	T	C	195.416	.
NC_000962.3	2888423	.	C	A	37.7519	.
NC_000962.3	2889633	.	T	C	225.417	.
NC_000962.3	2889947	.	G	A	225.417	.
NC_000962.3	2891220	.	G	T	29.0787	.
NC_000962.3	2891267	.	C	T	225.417	.
NC_000962.3	2891728	.	A	G	225.417	.
NC_000962.3	2891892	.	G	A	225.417	.
NC_000962.3	2894208	.	G	A	225.417	.
NC_000962.3	2896200	.	C	A	19.1621	.
NC_000962.3	2896246	.	C	A	4.99352	.
NC_000962.3	2897049	.	G	T	4.90926	.
NC_000962.3	2901904	.	C	T	7.92416	.
NC_000962.3	2902498	.	C	T	28.4941	.
NC_000962.3	2910461	.	G	T	225.417	.
NC_000962.3	2911293	.	C	G	225.417	.
NC_000962.3	2911595	.	G	A	225.417	.
NC_000962.3	2912294	.	T	G	225.417	.
NC_000962.3	2912773	.	C	A	5.12855	.
NC_000962.3	2913482	.	G	T	3.79499	.
NC_000962.3	2913947	.	G	T	7.34979	.
NC_000962.3	2922104	.	G	A	228.304	.
NC_000962.3	2922447	.	T	C	225.417	.
NC_000962.3	2923391	.	T	C	225.417	.
NC_000962.3	2927664	.	C	T	225.417	.
NC_000962.3	2927939	.	T	C	225.417	.
NC_000962.3	2930964	.	C	A	7.37082	.
NC_000962.3	2931126	.	C	A	13.8029	.
NC_000962.3	2931471	.	C	A	9.22094	.
NC_000962.3	2932708	.	G	A	225.417	.
NC_000962.3	2933223	.	A	G	225.417	.
NC_000962.3	2939373	.	G	C	225.417	.
NC_000962.3	2939657	.	T	C	225.417	.
NC_000962.3	2941353	.	C	A	4.58902	.
NC_000962.3	2943734	.	C	A	10.3246	.
NC_000962.3	2944739	.	C	T	76.6794	.
NC_000962.3	2944857	.	T	G	157.416	.
NC_000962.3	2945004	.	C	G	228.306	.
NC_000962.3	2947476	.	G	A	225.417	.
NC_000962.3	2947578	.	G	T	23.3894	.
NC_000962.3	2948025	.	G	T	15.8926	.
NC_000962.3	2952922	.	G	T	225.417	.
NC_000962.3	2954439	.	T	C	225.417	.
NC_000962.3	2955362	.	G	T	15.9785	.
NC_000962.3	2960378	.	G	A	25.3644	.
NC_000962.3	2963688	.	G	T	32.5708	.
NC_000962.3	2966747	.	C	A	27.3383	.
NC_000962.3	2968970	.	C	A	25.1576	.
NC_000962.3	2970465	.	C	A	7.44898	.
NC_000962.3	2971552	.	C	A	7.72486	.
NC_000962.3	2974933	.	A	G	225.417	.
NC_000962.3	2975114	.	C	A	13.9935	.
NC_000962.3	2976535	.	G	T	225.417	.
NC_000962.3	2976830	.	T	A	225.417	.
NC_000962.3	2980497	.	C	T	225.421	.
NC_000962.3	2981961	.	C	A	46.2649	.
NC_000962.3	2983613	.	G	A	128.27	.
NC_000962.3	2984740	.	A	G	225.417	.
NC_000962.3	2987697	.	G	T	3.15307	.
NC_000962.3	2989074	.	G	T	3.15606	.
NC_000962.3	2989747	.	G	A	225.417	.
NC_000962.3	2996208	.	C	A	225.417	.
NC_000962.3	2999910	.	C	A	11.4907	.
NC_000962.3	3005185	.	G	T	225.417	.
NC_000962.3	3007527	.	C	A	8.07617	.
NC_000962.3	3007612	.	C	A	225.417	.
NC_000962.3	3009692	.	A	G	225.417	.
NC_000962.3	3015966	.	G	A	225.417	.
NC_000962.3	3016573	.	G	T	3.07891	.
NC_000962.3	3017465	.	T	C	225.417	.
NC_000962.3	3018435	.	G	T	6.74029	.
NC_000962.3	3026637	.	C	A	15.6426	.
NC_000962.3	3033922	.	G	A	225.417	.
NC_000962.3	3036539	.	G	T	3.05696	.
NC_000962.3	3041261	.	G	T	29.198	.
NC_000962.3	3041871	.	G	T	225.417	.
NC_000962.3	3043515	.	G	T	30.1582	.
NC_000962.3	3043749	.	C	A	7.88858	.
NC_000962.3	3045084	.	C	A	19.2124	.
NC_000962.3	3049445	.	G	T	13.7201	.
NC_000962.3	3051941	.	CGAGCCATAAGCCG	C	225.417	.
NC_000962.3	3054081	.	A	G	225.426	.
NC_000962.3	3054321	.	A	G	225.417	.
NC_000962.3	3054628	.	C	A	8.99921	.
NC_000962.3	3054724	.	A	G	99.4152	.
NC_000962.3	3054746	.	G	T	7.6427	.
NC_000962.3	3055206	.	C	T	225.417	.
NC_000962.3	3055207	.	G	T	225.417	.
NC_000962.3	3062553	.	G	T	3.86056	.
NC_000962.3	3065363	.	C	A	5.47847	.
NC_000962.3	3074686	.	G	A	225.417	.
NC_000962.3	3077821	.	C	G	39.4149	.
NC_000962.3	3080795	.	A	G	225.417	.
NC_000962.3	3081997	.	G	C	225.417	.
NC_000962.3	3082675	.	C	A	5.32391	.
NC_000962.3	3082815	.	G	T	13.9668	.
NC_000962.3	3083488	.	C	A	6.18282	.
NC_000962.3	3083611	.	C	A	7.49956	.
NC_000962.3	3088446	.	C	A	10.2335	.
NC_000962.3	3088455	.	C	A	4.92035	.
NC_000962.3	3088886	.	A	G	225.421	.
NC_000962.3	3097796	.	G	T	4.86534	.
NC_000962.3	3098513	.	G	T	3.09722	.
NC_000962.3	3099510	.	G	T	225.417	.
NC_000962.3	3100153	.	G	C	225.417	.
NC_000962.3	3100154	.	A	G	228.378	.
NC_000962.3	3100155	.	C	A	225.417	.
NC_000962.3	3101653	.	G	A	225.417	.
NC_000962.3	3103682	.	T	C	225.417	.
NC_000962.3	3104544	.	C	A	42.5946	.
NC_000962.3	3104593	.	C	A	34.0499	.
NC_000962.3	3104674	.	G	T	15.738	.
NC_000962.3	3106776	.	G	T	4.16406	.
NC_000962.3	3110077	.	G	T	14.3185	.
NC_000962.3	3114874	.	C	T	51.4146	.
NC_000962.3	3118000	.	A	G	219.417	.
NC_000962.3	3119298	.	G	T	5.22289	.
NC_000962.3	3122011	.	G	A	43.4147	.
NC_000962.3	3122074	.	G	T	3.29536	.
NC_000962.3	3122617	.	C	T	24.3159	.
NC_000962.3	3131469	.	TTGT	TTGTCGGCGATGT	228.222	.
NC_000962.3	3133536	.	T	C	225.421	.
NC_000962.3	3135762	.	C	T	225.417	.
NC_000962.3	3137058	.	G	A	225.417	.
NC_000962.3	3137549	.	G	T	3.04583	.
NC_000962.3	3139540	.	G	T	225.417	.
NC_000962.3	3148170	.	G	T	7.24077	.
NC_000962.3	3148670	.	C	A	5.85581	.
NC_000962.3	3161903	.	G	A	225.417	.
NC_000962.3	3162805	.	C	G	174.416	.
NC_000962.3	3166006	.	T	C	225.417	.
NC_000962.3	3168703	.	G	T	11.1016	.
NC_000962.3	3170460	.	C	T	225.417	.
NC_000962.3	3172931	.	C	A	28.7515	.
NC_000962.3	3175335	.	C	T	225.417	.
NC_000962.3	3176485	.	C	A	36.036	.
NC_000962.3	3177884	.	C	A	225.417	.
NC_000962.3	3180021	.	C	A	4.94832	.
NC_000962.3	3180587	.	G	T	32.6896	.
NC_000962.3	3180888	.	G	T	7.47781	.
NC_000962.3	3184157	.	C	T	5.40178	.
NC_000962.3	3186860	.	T	G	225.417	.
NC_000962.3	3190145	.	TCCCCCC	TCCCCC	228.332	.
NC_000962.3	3191099	.	C	A	225.417	.
NC_000962.3	3194200	.	C	G	160.416	.
NC_000962.3	3194202	.	G	A	143.416	.
NC_000962.3	3194206	.	G	T	143.416	.
NC_000962.3	3194207	.	G	T	142.416	.
NC_000962.3	3194209	.	T	G	139.416	.
NC_000962.3	3194213	.	C	T	137.416	.
NC_000962.3	3194215	.	G	C	140.416	.
NC_000962.3	3194218	.	G	C	143.416	.
NC_000962.3	3194234	.	G	A	143.416	.
NC_000962.3	3194393	.	T	G	217.417	.
NC_000962.3	3194430	.	A	G	225.417	.
NC_000962.3	3200390	.	GCTGGCC	GCTGGCCTGGCC	20.4103	.
NC_000962.3	3201014	.	G	T	19.9539	.
NC_000962.3	3201858	.	C	A	12.3858	.
NC_000962.3	3203367	.	CG	C	225.417	.
NC_000962.3	3206117	.	C	A	10.6327	.
NC_000962.3	3213946	.	C	A	21.8456	.
NC_000962.3	3215726	.	C	A	4.52448	.
NC_000962.3	3215853	.	C	A	4.10525	.
NC_000962.3	3215977	.	G	A	5.71527	.
NC_000962.3	3216210	.	C	A	3.03854	.
NC_000962.3	3218673	.	C	G	225.417	.
NC_000962.3	3225596	.	C	A	5.81495	.
NC_000962.3	3225944	.	C	A	99.4983	.
NC_000962.3	3226181	.	A	C	211.417	.
NC_000962.3	3228143	.	G	T	225.417	.
NC_000962.3	3231548	.	A	G	225.417	.
NC_000962.3	3236985	.	G	T	34.8948	.
NC_000962.3	3237137	.	C	A	16.0602	.
NC_000962.3	3239693	.	G	T	225.417	.
NC_000962.3	3240805	.	C	T	10.064	.
NC_000962.3	3243457	.	G	T	6.89017	.
NC_000962.3	3247316	.	C	G	225.417	.
NC_000962.3	3247851	.	G	A	205.417	.
NC_000962.3	3247853	.	C	T	198.416	.
NC_000962.3	3247856	.	G	C	198.416	.
NC_000962.3	3247874	.	G	A	225.417	.
NC_000962.3	3247877	.	T	C	225.417	.
NC_000962.3	3247883	.	T	C	225.417	.
NC_000962.3	3248074	.	G	A	138.469	.
NC_000962.3	3248075	.	C	T	134.797	.
NC_000962.3	3253730	.	T	G	25.2627	.
NC_000962.3	3256494	.	A	G	225.417	.
NC_000962.3	3259498	.	G	T	44.9389	.
NC_000962.3	3262250	.	G	T	6.46637	.
NC_000962.3	3268258	.	C	T	225.417	.
NC_000962.3	3269581	.	A	G	225.417	.
NC_000962.3	3270772	.	C	A	5.00514	.
NC_000962.3	3270784	.	A	G	225.417	.
NC_000962.3	3272417	.	C	A	5.32164	.
NC_000962.3	3274213	.	G	A	225.417	.
NC_000962.3	3274951	.	G	C	225.417	.
NC_000962.3	3275592	.	G	T	5.36222	.
NC_000962.3	3279752	.	G	T	68.9505	.
NC_000962.3	3280066	.	C	A	15.2193	.
NC_000962.3	3284635	.	C	T	228.263	.
NC_000962.3	3296843	.	A	G	225.417	.
NC_000962.3	3296986	.	C	A	8.52421	.
NC_000962.3	3300104	.	C	T	225.417	.
NC_000962.3	3308606	.	G	A	225.417	.
NC_000962.3	3313633	.	C	A	19.5714	.
NC_000962.3	3316014	.	C	A	5.83943	.
NC_000962.3	3324983	.	G	T	3.07482	.
NC_000962.3	3326967	.	A	C	225.417	.
NC_000962.3	3331195	.	G	T	7.28053	.
NC_000962.3	3332848	.	C	A	35.3252	.
NC_000962.3	3333868	.	G	C	21.227	.
NC_000962.3	3336528	.	T	A	34.5976	.
NC_000962.3	3336587	.	T	A	120.784	.
NC_000962.3	3336825	.	T	C	225.417	.
NC_000962.3	3338603	.	G	C	225.417	.
NC_000962.3	3352571	.	C	A	16.4852	.
NC_000962.3	3353687	.	G	T	16.8954	.
NC_000962.3	3354625	.	G	A	225.417	.
NC_000962.3	3354702	.	G	T	29.3801	.
NC_000962.3	3355879	.	G	T	3.66873	.
NC_000962.3	3357727	.	G	A	225.417	.
NC_000962.3	3358235	.	A	T	225.417	.
NC_000962.3	3359975	.	G	T	21.2664	.
NC_000962.3	3360152	.	C	A	225.417	.
NC_000962.3	3363338	.	A	G	225.417	.
NC_000962.3	3367765	.	G	A	225.417	.
NC_000962.3	3368431	.	G	T	5.35032	.
NC_000962.3	3369490	.	C	A	5.79069	.
NC_000962.3	3369702	.	T	A	225.417	.
NC_000962.3	3371191	.	C	A	3.6161	.
NC_000962.3	3372968	.	G	A	225.417	.
NC_000962.3	3374310	.	C	A	13.3597	.
NC_000962.3	3377207	.	G	T	16.8759	.
NC_000962.3	3378953	.	C	A	7.53357	.
NC_000962.3	3379708	.	G	C	228.4	.
NC_000962.3	3379712	.	G	C	228.4	.
NC_000962.3	3379718	.	T	C	228.401	.
NC_000962.3	3379726	.	C	A	218.262	.
NC_000962.3	3379730	.	G	C	228.394	.
NC_000962.3	3379732	.	C	T	221.385	.
NC_000962.3	3379735	.	A	C	228.394	.
NC_000962.3	3379736	.	C	A	228.393	.
NC_000962.3	3379742	.	T	C	228.406	.
NC_000962.3	3379751	.	A	C	228.407	.
NC_000962.3	3379757	.	A	C	228.407	.
NC_000962.3	3379763	.	G	A	225.417	.
NC_000962.3	3379784	.	C	A	225.417	.
NC_000962.3	3379788	.	C	G	225.417	.
NC_000962.3	3380439	.	GC	GCC	225.417	.
NC_000962.3	3384926	.	G	T	3.02267	.
NC_000962.3	3385308	.	G	T	7.19915	.
NC_000962.3	3398962	.	G	T	33.2427	.
NC_000962.3	3399263	.	G	T	5.85738	.
NC_000962.3	3400246	.	G	T	10.9131	.
NC_000962.3	3401080	.	C	A	5.77349	.
NC_000962.3	3402253	.	G	T	7.12714	.
NC_000962.3	3402816	.	C	T	225.417	.
NC_000962.3	3407439	.	C	A	8.32818	.
NC_000962.3	3407446	.	G	C	225.417	.
NC_000962.3	3409115	.	C	A	16.4682	.
NC_000962.3	3410577	.	G	T	5.58244	.
NC_000962.3	3411412	.	C	A	5.53424	.
NC_000962.3	3415180	.	ACACCTAGGGGGTGGCACCTAGGGGGTGGCAC	ACACCTAGGGGGTGGCAC	225.417	.
NC_000962.3	3425761	.	TGGG	TGG	225.417	.
NC_000962.3	3425854	.	C	T	225.417	.
NC_000962.3	3428917	.	C	A	225.417	.
NC_000962.3	3438422	.	G	T	8.83203	.
NC_000962.3	3438542	.	G	T	29.4366	.
NC_000962.3	3440464	.	T	G	225.417	.
NC_000962.3	3440468	.	G	C	225.417	.
NC_000962.3	3444847	.	C	A	26.3293	.
NC_000962.3	3448567	.	C	G	225.417	.
NC_000962.3	3452253	.	C	A	9.09877	.
NC_000962.3	3456666	.	A	G	225.417	.
NC_000962.3	3462135	.	G	C	225.417	.
NC_000962.3	3463147	.	C	A	29.1644	.
NC_000962.3	3466426	.	G	A	225.417	.
NC_000962.3	3469870	.	G	T	5.5209	.
NC_000962.3	3472473	.	G	T	225.417	.
NC_000962.3	3473996	.	GA	GAA	228.313	.
NC_000962.3	3477794	.	A	G	225.417	.
NC_000962.3	3477813	.	G	A	225.417	.
NC_000962.3	3478596	.	G	T	13.3149	.
NC_000962.3	3480015	.	C	A	8.64804	.
NC_000962.3	3482432	.	C	A	49.3237	.
NC_000962.3	3483959	.	G	T	8.33094	.
NC_000962.3	3486977	.	A	G	225.417	.
NC_000962.3	3498741	.	C	A	23.1171	.
NC_000962.3	3503895	.	C	T	225.417	.
NC_000962.3	3513077	.	C	A	4.39029	.
NC_000962.3	3514006	.	C	A	51.9993	.
NC_000962.3	3518167	.	A	G	225.417	.
NC_000962.3	3518555	.	A	G	225.417	.
NC_000962.3	3526360	.	G	T	6.85238	.
NC_000962.3	3526884	.	G	A	225.417	.
NC_000962.3	3532376	.	G	T	27.0222	.
NC_000962.3	3536481	.	GAA	GAAA	225.417	.
NC_000962.3	3537770	.	C	A	27.4907	.
NC_000962.3	3546863	.	G	T	8.04545	.
NC_000962.3	3549903	.	C	A	10.5931	.
NC_000962.3	3556097	.	G	A	225.417	.
NC_000962.3	3556275	.	A	G	225.417	.
NC_000962.3	3557843	.	G	C	225.417	.
NC_000962.3	3558237	.	C	A	37.2894	.
NC_000962.3	3560192	.	G	T	19.2621	.
NC_000962.3	3562349	.	G	T	14.0673	.
NC_000962.3	3563599	.	G	T	10.7247	.
NC_000962.3	3568031	.	G	T	7.68004	.
NC_000962.3	3568473	.	C	A	35.3417	.
NC_000962.3	3571352	.	C	A	10.4128	.
NC_000962.3	3571682	.	C	T	3.72554	.
NC_000962.3	3572923	.	C	G	225.421	.
NC_000962.3	3576412	.	G	T	3.76262	.
NC_000962.3	3580636	.	CTTT	CTT	225.417	.
NC_000962.3	3581414	.	A	G	228.379	.
NC_000962.3	3581981	.	C	A	18.716	.
NC_000962.3	3583790	.	G	T	9.98625	.
NC_000962.3	3584089	.	C	T	225.417	.
NC_000962.3	3590686	.	G	GC	225.417	.
NC_000962.3	3591063	.	T	C	225.417	.
NC_000962.3	3594344	.	G	A	228.163	.
NC_000962.3	3599604	.	G	T	27.9292	.
NC_000962.3	3604784	.	G	T	3.77604	.
NC_000962.3	3604821	.	G	C	225.417	.
NC_000962.3	3604845	.	C	A	43.6426	.
NC_000962.3	3608077	.	C	A	16.8904	.
NC_000962.3	3614982	.	T	C	225.417	.
NC_000962.3	3617668	.	C	T	225.417	.
NC_000962.3	3622049	.	C	A	225.417	.
NC_000962.3	3622441	.	A	C	225.417	.
NC_000962.3	3629258	.	G	T	10.2503	.
NC_000962.3	3633015	.	C	A	16.5852	.
NC_000962.3	3636449	.	C	A	4.9559	.
NC_000962.3	3642544	.	G	T	10.5179	.
NC_000962.3	3642546	.	G	T	10.5444	.
NC_000962.3	3644940	.	G	T	7.94272	.
NC_000962.3	3651269	.	C	T	225.417	.
NC_000962.3	3677441	.	G	A	225.417	.
NC_000962.3	3682146	.	G	T	6.09565	.
NC_000962.3	3682509	.	C	A	4.46933	.
NC_000962.3	3684301	.	C	A	3.52222	.
NC_000962.3	3689523	.	G	T	225.417	.
NC_000962.3	3691061	.	A	C	222.35	.
NC_000962.3	3691063	.	G	A	222.399	.
NC_000962.3	3691396	.	C	A	16.0149	.
NC_000962.3	3694870	.	C	A	4.9994	.
NC_000962.3	3698300	.	G	T	3.7682	.
NC_000962.3	3698550	.	G	T	4.92035	.
NC_000962.3	3701129	.	C	A	11.6311	.
NC_000962.3	3702588	.	G	T	33.0371	.
NC_000962.3	3703403	.	G	T	3.76724	.
NC_000962.3	3704596	.	G	C	225.417	.
NC_000962.3	3709264	.	C	A	5.96517	.
NC_000962.3	3711910	.	G	A	8.13869	.
NC_000962.3	3713766	.	C	T	10.202	.
NC_000962.3	3714211	.	G	T	225.417	.
NC_000962.3	3714508	.	C	A	6.50154	.
NC_000962.3	3715804	.	C	A	7.40615	.
NC_000962.3	3718357	.	C	T	225.417	.
NC_000962.3	3720048	.	G	A	179.132	.
NC_000962.3	3720183	.	C	A	4.9148	.
NC_000962.3	3721806	.	G	C	225.417	.
NC_000962.3	3724397	.	G	A	225.417	.
NC_000962.3	3724780	.	G	T	40.199	.
NC_000962.3	3730466	.	A	G	228.21	.
NC_000962.3	3730470	.	C	A	4.02536	.
NC_000962.3	3730582	.	G	A	219.464	.
NC_000962.3	3730642	.	G	A	12.1497	.
NC_000962.3	3730741	.	G	A	174.038	.
NC_000962.3	3730875	.	T	C	194.089	.
NC_000962.3	3730978	.	G	A	220.597	.
NC_000962.3	3732113	.	C	G	140.118	.
NC_000962.3	3732114	.	G	T	144.126	.
NC_000962.3	3732517	.	A	G	221.292	.
NC_000962.3	3732525	.	A	T	221.394	.
NC_000962.3	3732553	.	A	G	221.083	.
NC_000962.3	3732624	.	A	G	218.593	.
NC_000962.3	3733792	.	G	A	225.417	.
NC_000962.3	3735813	.	C	G	135.858	.
NC_000962.3	3735925	.	G	A	48.061	.
NC_000962.3	3735931	.	G	A	192.416	.
NC_000962.3	3735967	.	G	A	200.421	.
NC_000962.3	3736158	.	T	C	228.244	.
NC_000962.3	3736179	.	G	A	156.416	.
NC_000962.3	3736628	.	T	G	225.417	.
NC_000962.3	3738512	.	A	G	16.9256	.
NC_000962.3	3738516	.	C	T	60.3494	.
NC_000962.3	3738516	.	CTGCCGCCGCTGCCGCCGT	CTGCCGCCGCTGCCGCCGTTGCCGCCGCTGCCGCCGT	221.725	.
NC_000962.3	3739620	.	G	T	11.4211	.
NC_000962.3	3739808	.	GTTGCCGCCGTTGCCGCCGGCCGCGCCGCTCCCGTTGCCGGCGGTGCCGCCCTTGCCGCCGTTGCCGCC	GTTGCCGCCGTTGCCGCC	135.341	.
NC_000962.3	3739859	.	C	G	46.4146	.
NC_000962.3	3764453	.	C	A	16.3586	.
NC_000962.3	3766792	.	G	T	5.01666	.
NC_000962.3	3772710	.	C	A	12.6023	.
NC_000962.3	3779671	.	CGGCAACGGTGGCAACGGTGGCAACGGTG	CGGCAACGGTGGCAACGGTGGCAACGGTGGCAACGGTG	228.22	.
NC_000962.3	3786371	.	G	T	7.54765	.
NC_000962.3	3788280	.	C	T	225.417	.
NC_000962.3	3788952	.	G	A	19.5942	.
NC_000962.3	3795058	.	T	C	8.04385	.
NC_000962.3	3798095	.	A	C	225.417	.
NC_000962.3	3802894	.	C	A	19.1905	.
NC_000962.3	3804942	.	C	T	225.417	.
NC_000962.3	3808094	.	G	T	17.8021	.
NC_000962.3	3816423	.	C	A	3.45475	.
NC_000962.3	3817117	.	C	A	225.417	.
NC_000962.3	3817773	.	G	T	3.61015	.
NC_000962.3	3818365	.	C	A	15.2585	.
NC_000962.3	3820501	.	CCA	C	159.328	.
NC_000962.3	3820508	.	G	T	15.8726	.
NC_000962.3	3820545	.	A	G	171.165	.
NC_000962.3	3822699	.	C	A	6.01708	.
NC_000962.3	3823159	.	A	T	225.417	.
NC_000962.3	3826486	.	G	T	3.77335	.
NC_000962.3	3826684	.	C	T	194.416	.
NC_000962.3	3827221	.	C	T	225.417	.
NC_000962.3	3829770	.	T	C	225.417	.
NC_000962.3	3830793	.	G	T	4.99376	.
NC_000962.3	3830812	.	G	T	3.11192	.
NC_000962.3	3838871	.	A	G	225.417	.
NC_000962.3	3841652	.	T	A	7.48741	.
NC_000962.3	3841654	.	T	G	22.1249	.
NC_000962.3	3841662	.	T	C	114.604	.
NC_000962.3	3841663	.	C	T	87.0509	.
NC_000962.3	3842173	.	G	A	13.9942	.
NC_000962.3	3842186	.	T	A	21.0384	.
NC_000962.3	3842204	.	G	A	37.6073	.
NC_000962.3	3842211	.	T	C	31.4015	.
NC_000962.3	3842227	.	A	C	55.5304	.
NC_000962.3	3842228	.	A	G	55.5821	.
NC_000962.3	3842452	.	C	A	137.452	.
NC_000962.3	3842620	.	A	G	225.417	.
NC_000962.3	3842625	.	A	G	228.318	.
NC_000962.3	3843249	.	G	A	3.40734	.
NC_000962.3	3843251	.	C	A	3.38973	.
NC_000962.3	3843354	.	A	G	151.181	.
NC_000962.3	3843356	.	T	C	164.196	.
NC_000962.3	3843361	.	C	A	165.212	.
NC_000962.3	3843362	.	C	A	171.193	.
NC_000962.3	3843363	.	A	G	162.146	.
NC_000962.3	3843407	.	CGGGGG	CGGGG	228.404	.
NC_000962.3	3843520	.	A	C	222.106	.
NC_000962.3	3843531	.	A	G	222.132	.
NC_000962.3	3843536	.	G	A	222.098	.
NC_000962.3	3843572	.	A	C	199.546	.
NC_000962.3	3843573	.	A	G	200.508	.
NC_000962.3	3843579	.	C	T	196.456	.
NC_000962.3	3843678	.	CACACCATGGTGAACA	CACA	39.823	.
NC_000962.3	3843704	.	G	C	196.816	.
NC_000962.3	3843714	.	T	C	212.091	.
NC_000962.3	3843749	.	G	T	187.11	.
NC_000962.3	3843751	.	G	T	186.071	.
NC_000962.3	3843752	.	A	G	184.071	.
NC_000962.3	3843753	.	G	A	189.099	.
NC_000962.3	3843760	.	T	C	170.207	.
NC_000962.3	3844143	.	G	T	17.5244	.
NC_000962.3	3844756	.	GCCCCC	GCCCC	225.417	.
NC_000962.3	3844992	.	T	A	225.417	.
NC_000962.3	3846580	.	T	A	66.1971	.
NC_000962.3	3846582	.	T	G	79.3417	.
NC_000962.3	3846591	.	C	T	82.5969	.
NC_000962.3	3846605	.	G	A	116.232	.
NC_000962.3	3846607	.	A	C	121.292	.
NC_000962.3	3846622	.	G	T	159.82	.
NC_000962.3	3846687	.	A	G	189.755	.
NC_000962.3	3846704	.	A	G	167.455	.
NC_000962.3	3846707	.	A	C	166.429	.
NC_000962.3	3846764	.	C	G	197.712	.
NC_000962.3	3846851	.	G	A	123.402	.
NC_000962.3	3846852	.	C	G	128.405	.
NC_000962.3	3846853	.	T	C	116.397	.
NC_000962.3	3846857	.	G	A	128.405	.
NC_000962.3	3846860	.	T	G	127.405	.
NC_000962.3	3846866	.	C	A	148.376	.
NC_000962.3	3846897	.	T	G	144.405	.
NC_000962.3	3847010	.	G	C	138.917	.
NC_000962.3	3847014	.	C	G	166.125	.
NC_000962.3	3847022	.	T	C	163.083	.
NC_000962.3	3847039	.	G	A	173.089	.
NC_000962.3	3847052	.	G	A	170.183	.
NC_000962.3	3847073	.	G	C	135.65	.
NC_000962.3	3847074	.	C	G	125.525	.
NC_000962.3	3847087	.	G	A	78.7098	.
NC_000962.3	3847090	.	G	C	80.724	.
NC_000962.3	3847099	.	G	A	153.778	.
NC_000962.3	3847112	.	T	A	113.196	.
NC_000962.3	3847130	.	G	A	123.283	.
NC_000962.3	3847137	.	T	C	134.474	.
NC_000962.3	3847153	.	A	C	89.8769	.
NC_000962.3	3847154	.	A	G	75.6663	.
NC_000962.3	3847215	.	T	C	225.417	.
NC_000962.3	3847221	.	T	C	225.417	.
NC_000962.3	3847659	.	A	G	4.79443	.
NC_000962.3	3847867	.	G	T	7.4923	.
NC_000962.3	3854915	.	G	T	12.8927	.
NC_000962.3	3856414	.	C	A	3.01873	.
NC_000962.3	3856478	.	G	A	225.417	.
NC_000962.3	3856539	.	C	A	4.82218	.
NC_000962.3	3859423	.	C	A	8.00743	.
NC_000962.3	3859893	.	C	T	225.417	.
NC_000962.3	3861948	.	C	A	10.2747	.
NC_000962.3	3862472	.	GAA	GA	228.358	.
NC_000962.3	3863816	.	G	T	5.01172	.
NC_000962.3	3864995	.	T	C	225.417	.
NC_000962.3	3865986	.	C	A	19.5656	.
NC_000962.3	3868726	.	G	T	25.8487	.
NC_000962.3	3871692	.	C	A	6.30546	.
NC_000962.3	3874930	.	C	A	6.92552	.
NC_000962.3	3876008	.	T	G	225.417	.
NC_000962.3	3877421	.	A	G	225.417	.
NC_000962.3	3879961	.	G	A	228.364	.
NC_000962.3	3883683	.	G	C	225.417	.
NC_000962.3	3883686	.	T	G	225.417	.
NC_000962.3	3883690	.	G	A	225.417	.
NC_000962.3	3883711	.	G	A	225.417	.
NC_000962.3	3883796	.	G	T	179.416	.
NC_000962.3	3883797	.	G	A	185.416	.
NC_000962.3	3883845	.	T	C	143.416	.
NC_000962.3	3883915	.	G	A	24.4299	.
NC_000962.3	3884748	.	G	A	129.097	.
NC_000962.3	3884906	.	A	G	228.403	.
NC_000962.3	3885886	.	T	C	225.417	.
NC_000962.3	3892671	.	A	G	225.417	.
NC_000962.3	3896260	.	G	A	225.417	.
NC_000962.3	3896340	.	T	G	225.417	.
NC_000962.3	3898408	.	A	G	225.417	.
NC_000962.3	3899472	.	C	A	20.389	.
NC_000962.3	3901114	.	C	A	49.1321	.
NC_000962.3	3901151	.	C	A	49.0753	.
NC_000962.3	3907324	.	G	T	225.417	.
NC_000962.3	3928195	.	G	C	116.415	.
NC_000962.3	3928784	.	CCGGCGGGGCCGGCGG	CCGGCGGGGCCGGCGGTAACGGCGGGGCCGGCGG	228.394	.
NC_000962.3	3930441	.	C	T	6.51248	.
NC_000962.3	3930448	.	G	A	166.416	.
NC_000962.3	3930476	.	ACGGCG	ACGGCGGCACCGGCG	225.417	.
NC_000962.3	3934542	.	T	G	144.402	.
NC_000962.3	3934699	.	G	A	193.938	.
NC_000962.3	3934733	.	G	C	40.8074	.
NC_000962.3	3934734	.	G	A	33.5254	.
NC_000962.3	3935335	.	T	C	85.415	.
NC_000962.3	3935950	.	T	C	110.415	.
NC_000962.3	3940802	.	A	G	225.417	.
NC_000962.3	3940904	.	G	C	225.417	.
NC_000962.3	3941352	.	C	A	228.05	.
NC_000962.3	3941491	.	AGGCGGGGCCGGCGGGGCCGGCGGGGCCGGCGG	AGGCGGGGCCGGCGGGGCCGGCGG	177.225	.
NC_000962.3	3941568	.	A	C	128.696	.
NC_000962.3	3941723	.	ACCCC	ACCC	10.7919	.
NC_000962.3	3942640	.	T	C	225.421	.
NC_000962.3	3943019	.	C	G	225.417	.
NC_000962.3	3943160	.	C	T	225.417	.
NC_000962.3	3943175	.	A	C	225.417	.
NC_000962.3	3943232	.	C	A	225.417	.
NC_000962.3	3943940	.	G	C	13.2027	.
NC_000962.3	3946193	.	C	A	16.4066	.
NC_000962.3	3947206	.	C	G	89.4	.
NC_000962.3	3947753	.	A	G	5.75677	.
NC_000962.3	3948414	.	T	G	13.6078	.
NC_000962.3	3948417	.	T	G	13.6078	.
NC_000962.3	3948612	.	ACGGCGGCACCGGCGGCACCGGCGGCACCGGCGGCA	ACGGCGGCACCGGCGGCACCGGCGGCACCGGCGGCACCGGCGGCA	19.4046	.
NC_000962.3	3948648	.	A	C	184.225	.
NC_000962.3	3948649	.	A	C	199.045	.
NC_000962.3	3950066	.	G	A	225.417	.
NC_000962.3	3952775	.	G	T	4.8872	.
NC_000962.3	3952800	.	G	A	225.417	.
NC_000962.3	3954534	.	G	T	225.417	.
NC_000962.3	3955487	.	C	T	12.4615	.
NC_000962.3	3958403	.	A	G	225.421	.
NC_000962.3	3959418	.	C	T	225.417	.
NC_000962.3	3965324	.	CTT	CT	10.0156	.
NC_000962.3	3969234	.	A	G	225.417	.
NC_000962.3	3969423	.	GGCCGCCGCCGCCGCC	GGCCGCCGCCGCC	228.35	.
NC_000962.3	3971495	.	T	C	225.417	.
NC_000962.3	3972833	.	C	A	30.5213	.
NC_000962.3	3975587	.	C	A	9.66197	.
NC_000962.3	3976222	.	C	A	3.14849	.
NC_000962.3	3978058	.	C	A	89.5297	.
NC_000962.3	3981203	.	G	T	14.9493	.
NC_000962.3	3987011	.	C	T	225.417	.
NC_000962.3	3991904	.	C	A	10.2335	.
NC_000962.3	4001991	.	G	A	225.417	.
NC_000962.3	4004368	.	C	T	225.417	.
NC_000962.3	4005590	.	C	G	225.417	.
NC_000962.3	4005607	.	T	C	225.417	.
NC_000962.3	4007952	.	C	A	12.8086	.
NC_000962.3	4012004	.	G	T	11.2038	.
NC_000962.3	4015160	.	G	T	11.0378	.
NC_000962.3	4022593	.	G	T	6.67428	.
NC_000962.3	4024273	.	T	C	225.417	.
NC_000962.3	4024456	.	G	T	9.87874	.
NC_000962.3	4026899	.	G	A	225.417	.
NC_000962.3	4027137	.	C	A	22.7104	.
NC_000962.3	4031784	.	C	A	5.89162	.
NC_000962.3	4031788	.	G	A	5.25346	.
NC_000962.3	4034827	.	C	T	225.417	.
NC_000962.3	4042080	.	G	T	4.19517	.
NC_000962.3	4055288	.	C	A	17.4043	.
NC_000962.3	4055801	.	G	A	225.417	.
NC_000962.3	4056390	.	T	C	225.417	.
NC_000962.3	4059904	.	A	G	225.417	.
NC_000962.3	4060100	.	G	A	177.444	.
NC_000962.3	4060201	.	G	A	189.988	.
NC_000962.3	4060210	.	T	A	195.102	.
NC_000962.3	4060230	.	G	A	212.303	.
NC_000962.3	4060417	.	G	A	160.658	.
NC_000962.3	4063257	.	C	A	225.417	.
NC_000962.3	4069292	.	G	A	225.417	.
NC_000962.3	4073579	.	G	T	33.9639	.
NC_000962.3	4076869	.	A	G	225.417	.
NC_000962.3	4079125	.	C	A	9.98494	.
NC_000962.3	4081804	.	C	A	6.73485	.
NC_000962.3	4094249	.	G	T	25.33	.
NC_000962.3	4095001	.	CG	C	228.391	.
NC_000962.3	4099244	.	G	T	47.4195	.
NC_000962.3	4100975	.	T	C	225.417	.
NC_000962.3	4103911	.	C	A	225.417	.
NC_000962.3	4104966	.	G	T	34.734	.
NC_000962.3	4105864	.	C	A	5.4571	.
NC_000962.3	4107970	.	C	T	225.417	.
NC_000962.3	4111090	.	C	A	20.9079	.
NC_000962.3	4111303	.	G	C	225.417	.
NC_000962.3	4117641	.	TGTGGCCAGGGGTGGCCA	TGTGGCCA	42.3046	.
NC_000962.3	4117942	.	G	T	225.417	.
NC_000962.3	4120926	.	A	G	57.262	.
NC_000962.3	4120983	.	A	G	222.278	.
NC_000962.3	4121790	.	C	A	14.2772	.
NC_000962.3	4121851	.	C	A	35.6937	.
NC_000962.3	4122157	.	G	A	15.9775	.
NC_000962.3	4125058	.	G	C	225.417	.
NC_000962.3	4127588	.	G	T	3.25993	.
NC_000962.3	4128767	.	C	A	13.5989	.
NC_000962.3	4139858	.	G	T	5.11463	.
NC_000962.3	4144316	.	G	T	12.109	.
NC_000962.3	4144518	.	G	T	53.6935	.
NC_000962.3	4146057	.	C	A	9.18935	.
NC_000962.3	4149331	.	G	T	10.1279	.
NC_000962.3	4149497	.	G	T	4.94831	.
NC_000962.3	4151299	.	G	T	11.4357	.
NC_000962.3	4151327	.	G	T	11.3134	.
NC_000962.3	4156099	.	C	A	225.417	.
NC_000962.3	4156421	.	G	A	225.417	.
NC_000962.3	4159354	.	G	T	21.1466	.
NC_000962.3	4161369	.	G	T	3.12297	.
NC_000962.3	4162339	.	A	G	225.417	.
NC_000962.3	4165937	.	G	A	225.417	.
NC_000962.3	4168445	.	GCGCGGACGGGAACGCGGACGGGAACGCGGACGGGAAC	GCGCGGACGGGAACGCGGACGGGAAC	225.417	.
NC_000962.3	4174568	.	G	T	3.5867	.
NC_000962.3	4175708	.	G	T	6.93319	.
NC_000962.3	4181982	.	C	A	5.39358	.
NC_000962.3	4182695	.	G	A	225.417	.
NC_000962.3	4187485	.	T	C	225.417	.
NC_000962.3	4187817	.	A	G	225.421	.
NC_000962.3	4197570	.	C	A	4.9148	.
NC_000962.3	4198611	.	CGGGGG	CGGGG	225.417	.
NC_000962.3	4201218	.	C	A	15.6426	.
NC_000962.3	4203641	.	G	T	10.2996	.
NC_000962.3	4204441	.	A	G	225.417	.
NC_000962.3	4210274	.	A	G	225.417	.
NC_000962.3	4214683	.	C	A	7.71559	.
NC_000962.3	4218494	.	G	T	25.7684	.
NC_000962.3	4220922	.	C	G	225.417	.
NC_000962.3	4221490	.	C	G	225.417	.
NC_000962.3	4222073	.	A	G	225.417	.
NC_000962.3	4222343	.	G	A	225.417	.
NC_000962.3	4222882	.	A	G	228.37	.
NC_000962.3	4235194	.	G	T	3.70212	.
NC_000962.3	4235509	.	C	T	225.417	.
NC_000962.3	4239633	.	A	G	225.417	.
NC_000962.3	4240108	.	G	T	33.9825	.
NC_000962.3	4241566	.	C	A	17.4428	.
NC_000962.3	4242643	.	C	T	225.417	.
NC_000962.3	4244968	.	G	T	7.37786	.
NC_000962.3	4245317	.	G	T	24.7709	.
NC_000962.3	4251293	.	CGGGGGGG	CGGGGGG	225.417	.
NC_000962.3	4255922	.	A	G	225.417	.
NC_000962.3	4257220	.	A	G	225.417	.
NC_000962.3	4257394	.	C	A	31.0133	.
NC_000962.3	4259719	.	C	A	5.83592	.
NC_000962.3	4260742	.	G	A	225.417	.
NC_000962.3	4266314	.	C	A	10.3246	.
NC_000962.3	4267272	.	T	C	225.417	.
NC_000962.3	4270250	.	C	A	15.3146	.
NC_000962.3	4277257	.	C	A	4.81336	.
NC_000962.3	4296366	.	G	T	40.4606	.
NC_000962.3	4296635	.	C	A	16.9741	.
NC_000962.3	4302036	.	T	C	225.417	.
NC_000962.3	4306155	.	C	T	225.417	.
NC_000962.3	4312024	.	C	T	225.417	.
NC_000962.3	4315495	.	G	A	225.417	.
NC_000962.3	4320886	.	G	A	225.417	.
NC_000962.3	4322607	.	C	A	66.7329	.
NC_000962.3	4324273	.	C	A	3.50597	.
NC_000962.3	4326739	.	G	C	225.417	.
NC_000962.3	4328004	.	G	A	225.417	.
NC_000962.3	4328824	.	C	T	225.417	.
NC_000962.3	4329942	.	G	T	3.48521	.
NC_000962.3	4330821	.	C	A	8.44623	.
NC_000962.3	4337926	.	G	A	225.417	.
NC_000962.3	4338440	.	C	T	225.417	.
NC_000962.3	4338595	.	GC	G	225.417	.
NC_000962.3	4338732	.	G	A	225.417	.
NC_000962.3	4340232	.	A	C	225.417	.
NC_000962.3	4342042	.	G	T	21.4707	.
NC_000962.3	4343538	.	G	T	29.6885	.
NC_000962.3	4346486	.	G	T	7.96984	.
NC_000962.3	4349067	.	G	T	4.18308	.
NC_000962.3	4350376	.	C	A	34.1563	.
NC_000962.3	4351039	.	G	T	225.417	.
NC_000962.3	4352273	.	C	A	12.1716	.
NC_000962.3	4356110	.	G	C	225.417	.
NC_000962.3	4365908	.	C	A	7.2399	.
NC_000962.3	4366272	.	G	C	225.417	.
NC_000962.3	4368074	.	C	A	35.334	.
NC_000962.3	4368081	.	G	A	7.65803	.
NC_000962.3	4368161	.	C	A	16.1867	.
NC_000962.3	4368489	.	G	T	3.9907	.
NC_000962.3	4373518	.	T	A	225.417	.
NC_000962.3	4375628	.	G	T	225.417	.
NC_000962.3	4378774	.	G	T	15.8609	.
NC_000962.3	4378819	.	G	T	45.3187	.
NC_000962.3	4379680	.	C	G	225.421	.
NC_000962.3	4382054	.	T	C	225.417	.
NC_000962.3	4382275	.	G	T	225.417	.
NC_000962.3	4382516	.	C	A	10.2072	.
NC_000962.3	4383144	.	CC	CCGGGGC	225.417	.
NC_000962.3	4384598	.	T	C	225.417	.
NC_000962.3	4386016	.	AT	A	225.417	.
NC_000962.3	4400660	.	ACCC	ACC	225.417	.
NC_000962.3	4401860	.	G	T	61.6367	.
NC_000962.3	4404575	.	G	C	225.417	.
NC_000962.3	4407430	.	C	A	27.5791	.
NC_000962.3	4411028	.	TGG	TG	225.417	.
NC_000962.3	4411419	.	G	T	7.92158	.
